"No";"Jenis Aktiva";"Q";"Tanggal Beli";"Maks";"Pemakaian (bulan)";"Pemakaian (tahun)";"Sisa Pemakaian (tahun)";"Harga Perolehan";"Akumulasi Penyusutan Awal Bulan";"Nilai Sisa Awal Bulan";"Penyusutan";"Akumulasi Penyusutan Akhir Bulan";"Nilai Sisa Akhir Bulan"
"1";"BANG. M. WANGI";"1";"2008-06-01";"20";"128";"10.67";"9.33";"1937712450";"1033446640.64";"904265809.36";"8073801.88";"1041520442.52";"896192007.48"
"2";"PERIJINAN BANG. M.WANGI";"1";"2007-12-01";"20";"134";"11.17";"8.83";"130600000";"72918333.78";"57681666.22";"544166.67";"73462500.45";"57137499.55"
"3";"BANG.M.WANGI";"1";"2008-07-28";"20";"126";"10.5";"9.5";"449943950";"236220573.96";"213723376.04";"1874766.46";"238095340.42";"211848609.58"
"4";"BANG. M.WANGI";"1";"2008-08-30";"20";"125";"10.42";"9.58";"291199000";"151666146.25";"139532853.75";"1213329.17";"152879475.42";"138319524.58"
"5";"BANG. M.WANGI";"1";"2008-08-30";"20";"125";"10.42";"9.58";"39500000";"20572916.25";"18927083.75";"164583.33";"20737499.58";"18762500.42"
"6";"BANG. M. WANGI";"1";"2008-09-26";"20";"124";"10.33";"9.67";"126486000";"65351100.00";"61134900.00";"527025";"65878125.00";"60607875.00"
"7";"BANG. M. WANGI";"1";"2008-09-27";"20";"124";"10.33";"9.67";"47000000";"24283332.92";"22716667.08";"195833.33";"24479166.25";"22520833.75"
"8";"BANG. M.WANGI";"1";"2008-10-31";"20";"123";"10.25";"9.75";"279928400";"143463304.59";"136465095.41";"1166368.33";"144629672.92";"135298727.08"
"9";"BANG. M.WANGI";"1";"2008-10-29";"20";"123";"10.25";"9.75";"33000000";"16912500.00";"16087500.00";"137500";"17050000.00";"15950000.00"
"10";"BANG. M.WANGI";"1";"2008-11-29";"20";"122";"10.17";"9.83";"228024150";"115912276.86";"112111873.14";"950100.63";"116862377.49";"111161772.51"
"11";"BANG. M.WANGI";"1";"2008-11-26";"20";"122";"10.17";"9.83";"45500000";"23129166.26";"22370833.74";"189583.33";"23318749.59";"22181250.41"
"12";"BANG. M.WANGI";"1";"2008-12-30";"20";"121";"10.08";"9.92";"325344200";"164027700.43";"161316499.57";"1355600.83";"165383301.26";"159960898.74"
"13";"BANG.M.WANGI";"1";"2008-12-30";"20";"121";"10.08";"9.92";"32500000";"16385417.07";"16114582.93";"135416.67";"16520833.74";"15979166.26"
"14";"BANG.M.WANGI";"1";"2009-01-30";"20";"120";"10";"10";"248211450";"124105725.60";"124105724.40";"1034214.38";"125139939.98";"123071510.02"
"15";"BANG.M.WANGI";"1";"2009-01-30";"1";"12";"1";"0";"25000000";"25000000";"0";"0";"25000000";"0"
"16";"BANG.M.WANGI";"1";"2009-02-11";"20";"120";"10";"10";"19000000";"9500000.40";"9499999.60";"79166.67";"9579167.07";"9420832.93"
"17";"BANG.M.WANGI";"1";"2009-02-28";"20";"119";"9.92";"10.08";"145927350";"72355644.97";"73571705.03";"608030.63";"72963675.60";"72963674.40"
"18";"BANG. M.WANGI (SMP)";"1";"2009-03-28";"20";"118";"9.83";"10.17";"23924200";"11762732.06";"12161467.94";"99684.17";"11862416.23";"12061783.77"
"19";"BANG. M.WANGI(SMP)";"1";"2009-03-27";"1";"12";"1";"0";"6900000";"6900000";"0";"0";"6900000";"0"
"20";"BANG.M.WANGI(SMP)";"1";"2009-04-29";"20";"117";"9.75";"10.25";"65890500";"32121618.75";"33768881.25";"274543.75";"32396162.50";"33494337.50"
"21";"BANG.M.WANGI(SMP)";"1";"2009-04-24";"20";"117";"9.75";"10.25";"17050000";"8311875.39";"8738124.61";"71041.67";"8382917.06";"8667082.94"
"22";"BANG.M.WANGI(SMP)";"1";"2009-05-29";"20";"116";"9.67";"10.33";"24492000";"11837800.00";"12654200.00";"102050";"11939850.00";"12552150.00"
"23";"BANG.M.WANGI(SMP)";"1";"2009-05-30";"20";"116";"9.67";"10.33";"24700000";"11938333.72";"12761666.28";"102916.67";"12041250.39";"12658749.61"
"24";"BANG.M.WANGI (smp)";"1";"2009-06-26";"20";"115";"9.58";"10.42";"101021700";"48406231.25";"52615468.75";"420923.75";"48827155.00";"52194545.00"
"25";"BANG.M.WANGI (SMP)";"1";"2009-06-26";"20";"115";"9.58";"10.42";"22000000";"10541667.05";"11458332.95";"91666.67";"10633333.72";"11366666.28"
"26";"BANG.M.WANGI(SMP)";"1";"2009-07-30";"20";"114";"9.5";"10.5";"150537000";"71505075.00";"79031925.00";"627237.5";"72132312.50";"78404687.50"
"27";"BANG.M.WANGI(SMP)";"1";"2009-07-30";"20";"114";"9.5";"10.5";"27600000";"13110000.00";"14490000.00";"115000";"13225000.00";"14375000.00"
"28";"BANGUNAN M.WANGI";"1";"2009-08-30";"20";"113";"9.42";"10.58";"159567000";"75129462.50";"84437537.50";"664862.5";"75794325.00";"83772675.00"
"29";"ONGKOS BANGUNAN BP.WAHYU (MW)";"1";"2009-08-28";"20";"113";"9.42";"10.58";"20000000";"9416666.29";"10583333.71";"83333.33";"9499999.62";"10500000.38"
"30";"BANGUNAN  MEKAR WANGI";"1";"2009-09-30";"15";"112";"9.33";"5.67";"84976600";"52874328.64";"32102271.36";"472092.22";"53346420.86";"31630179.14"
"31";"ONGKOS TUK.BANGUNAN  MEKAR WANGI (WAHYU)";"1";"2009-09-30";"15";"112";"9.33";"5.67";"16000000";"9955555.68";"6044444.32";"88888.89";"10044444.57";"5955555.43"
"32";"BANGUNAN MEKAR WANGI";"1";"2009-10-30";"15";"111";"9.25";"5.75";"79892500";"49267041.42";"30625458.58";"443847.22";"49710888.64";"30181611.36"
"33";"ONGKOS TUKANG BANGUNAN MEKAR WANGI";"1";"2009-10-30";"15";"111";"9.25";"5.75";"27000000";"16650000.00";"10350000.00";"150000";"16800000.00";"10200000.00"
"34";"BANGUNAN MEKAR WANGI";"1";"2009-11-30";"15";"110";"9.17";"5.83";"127485000";"77907500.00";"49577500.00";"708250";"78615750.00";"48869250.00"
"35";"ONGKOS TUKANG BANGUNAN MW (BP.WAHYU)";"1";"2009-11-30";"15";"110";"9.17";"5.83";"22500000";"13750000.00";"8750000.00";"125000";"13875000.00";"8625000.00"
"36";"BANG. MW (SMP)";"1";"2009-12-30";"15";"109";"9.08";"5.92";"99354500";"60164668.96";"39189831.04";"551969.4399999999";"60716638.40";"38637861.60"
"37";"ONGKOS TK.BANG.MW (SMP)";"1";"2009-12-30";"15";"109";"9.08";"5.92";"28700000";"17379443.96";"11320556.04";"159444.44";"17538888.40";"11161111.60"
"38";"BANG.MW (SMP)";"1";"2010-01-30";"15";"108";"9";"6";"61784000";"37070399.52";"24713600.48";"343244.44";"37413643.96";"24370356.04"
"39";"ONGKOS TUKANG BANG. MW (SMP)";"1";"2010-01-30";"15";"108";"9";"6";"26000000";"15599999.52";"10400000.48";"144444.44";"15744443.96";"10255556.04"
"40";"ONGKOS TUKANG ( WAHYU )";"1";"2010-02-28";"15";"107";"8.92";"6.08";"21000000";"12483333.69";"8516666.31";"116666.67";"12600000.36";"8399999.64"
"41";"BANGUNAN MEKAR WANGI";"1";"2010-02-28";"15";"107";"8.92";"6.08";"158208000";"94045866.31";"64162133.69";"878933.33";"94924799.64";"63283200.36"
"42";"BANG. MW (SMP)";"1";"2010-03-30";"15";"106";"8.83";"6.17";"115401600";"67958720.00";"47442880.00";"641120";"68599840.00";"46801760.00"
"43";"ONGKOS TKG BANG.MW (SMP)";"1";"2010-03-30";"15";"106";"8.83";"6.17";"35000000";"20611110.64";"14388889.36";"194444.44";"20805555.08";"14194444.92"
"44";"BHN BANG.MW (SMP)";"1";"2010-04-30";"15";"105";"8.75";"6.25";"252221800";"147129383.10";"105092416.90";"1401232.22";"148530615.32";"103691184.68"
"45";"ONGKOS BANG. MW (SMP)";"1";"2010-04-30";"15";"105";"8.75";"6.25";"19500000";"11374999.65";"8125000.35";"108333.33";"11483332.98";"8016667.02"
"46";"BAHAN BANGUNAN MW( SMP)";"1";"2010-05-30";"15";"104";"8.67";"6.33";"66467300";"38403329.12";"28063970.88";"369262.78";"38772591.90";"27694708.10"
"47";"TUKANG BANG. MW ( SMP )";"1";"2010-05-30";"15";"104";"8.67";"6.33";"36000000";"20800000.00";"15200000.00";"200000";"21000000.00";"15000000.00"
"48";"BHN. BANG. MW TAHAP 3";"1";"2010-06-30";"15";"103";"8.58";"6.42";"58694500";"33586297.68";"25108202.32";"326080.56";"33912378.24";"24782121.76"
"49";"ONGKOS TUKANG BANG";"1";"2010-06-30";"15";"103";"8.58";"6.42";"26000000";"14877777.32";"11122222.68";"144444.44";"15022221.76";"10977778.24"
"50";"BANG. MW TAHAP3";"1";"2010-07-30";"15";"102";"8.5";"6.5";"87653343";"49670228.04";"37983114.96";"486963.02";"50157191.06";"37496151.94"
"51";"ONGKOS TUKANG BANG TAHAP 3";"1";"2010-07-30";"15";"102";"8.5";"6.5";"27500000";"15583333.56";"11916666.44";"152777.78";"15736111.34";"11763888.66"
"52";"BAHAN2 BANG MW";"1";"2010-08-30";"15";"100";"8.33";"6.67";"244964500";"136091389.00";"108873111.00";"1360913.89";"137452302.89";"107512197.11"
"53";"ONGKOS TKG BANG (WAHYU)";"1";"2010-08-30";"15";"100";"8.33";"6.67";"15000000";"8333333.00";"6666667.00";"83333.33";"8416666.33";"6583333.67"
"54";"ONGKOS BHN BANG MW (WAHYU)";"1";"2010-08-30";"15";"100";"8.33";"6.67";"20500000";"11388889.00";"9111111.00";"113888.89";"11502777.89";"8997222.11"
"55";"BAHAN2 BANG MW THP 3";"1";"2010-09-30";"15";"100";"8.33";"6.67";"124487000";"69159444.00";"55327556.00";"691594.4399999999";"69851038.44";"54635961.56"
"56";"ONGKOS TUKANG BANG.(WAHYU)";"1";"2010-09-30";"15";"100";"8.33";"6.67";"16500000";"9166667.00";"7333333.00";"91666.67";"9258333.67";"7241666.33"
"57";"BAHAN2 BANG.MW THP 3";"1";"2010-10-30";"15";"99";"8.25";"6.75";"38679500";"21273724.89";"17405775.11";"214886.11";"21488611.00";"17190889.00"
"58";"ONGKOS BANG MW (WAHYU)";"1";"2010-10-30";"15";"99";"8.25";"6.75";"25500000";"14025000.33";"11474999.67";"141666.67";"14166667.00";"11333333.00"
"59";"BAHAN2 BANG.MW THP 3";"1";"2010-11-30";"15";"98";"8.17";"6.83";"191992000";"104528977.56";"87463022.44";"1066622.22";"105595599.78";"86396400.22"
"60";"ONGKOS2 TKG BANG. MW";"1";"2010-11-30";"15";"98";"8.17";"6.83";"21500000";"11705555.12";"9794444.88";"119444.44";"11824999.56";"9675000.44"
"61";"DP I BANG/RENOV.SAMSUDIN-CTL(SUHANDY)";"1";"2010-12-30";"15";"97";"8.08";"6.92";"50000000";"26944444.66";"23055555.34";"277777.78";"27222222.44";"22777777.56"
"62";"BAHAN2 BANG. MW";"1";"2010-12-30";"15";"97";"8.08";"6.92";"103866000";"55972233.01";"47893766.99";"577033.33";"56549266.34";"47316733.66"
"63";"ONGKOS TUKANG BANG. MW";"1";"2010-12-30";"15";"97";"8.08";"6.92";"25500000";"13741666.99";"11758333.01";"141666.67";"13883333.66";"11616666.34"
"64";"BANG. SD CIATEUL (BANG.LAMA)";"1";"2011-01-30";"0";"0";"0";"0";"2700000000";"2700000000";"0";"0";"2700000000";"0"
"65";"BANG. TK KOPER (BANG.LAMA)";"1";"2011-01-30";"0";"0";"0";"0";"850000000";"850000000";"0";"0";"850000000";"0"
"66";"BANG. SD & SMP KOPER (BANG.LAMA)";"1";"2011-01-30";"0";"0";"0";"0";"4000000000";"4000000000";"0";"0";"4000000000";"0"
"67";"BANG. TKI (BANG.LAMA)";"1";"2011-01-30";"0";"0";"0";"0";"600000000";"600000000";"0";"0";"600000000";"0"
"68";"DP I. BANG/RENOV.CIATEUL (SUHANDY)";"1";"2011-01-30";"15";"96";"8";"7";"100000000";"53333333.76";"46666666.24";"555555.5600000001";"53888889.32";"46111110.68"
"69";"BAHAN2 BANG.MW THP 3";"1";"2011-01-30";"15";"96";"8";"7";"86337500";"46046666.88";"40290833.12";"479652.78";"46526319.66";"39811180.34"
"70";"ONGKOS TUKANG BANG.MW";"1";"2011-01-30";"15";"96";"8";"7";"22000000";"11733333.12";"10266666.88";"122222.22";"11855555.34";"10144444.66"
"71";"PENAMB. BANG.THP 1 MW (WASTAFEL)";"1";"2011-01-30";"1";"12";"1";"0";"423500";"423500";"0";"0";"423500";"0"
"72";"DP II BANG/RENOV.SAMSUDIN-CTL(SUHANDY)";"1";"2011-02-28";"15";"95";"7.92";"7.08";"50000000";"26388889.10";"23611110.90";"277777.78";"26666666.88";"23333333.12"
"73";"BAHAN2 BANG.MW THP 3";"1";"2011-02-28";"15";"95";"7.92";"7.08";"66709500";"35207791.35";"31501708.65";"370608.33";"35578399.68";"31131100.32"
"74";"ONGKOS TUKANG BANG.MW";"1";"2011-02-28";"15";"95";"7.92";"7.08";"22000000";"11611110.90";"10388889.10";"122222.22";"11733333.12";"10266666.88"
"75";"BAHAN2 BANG.MW THP 3";"1";"2011-03-30";"15";"94";"7.83";"7.17";"93895000";"49034055.66";"44860944.34";"521638.89";"49555694.55";"44339305.45"
"76";"ONGKOS TUKANG BANG.MW";"1";"2011-03-30";"15";"94";"7.83";"7.17";"19000000";"9922222.64";"9077777.36";"105555.56";"10027778.20";"8972221.80"
"77";"PELUNASAN BANG/RENOV.SAMSUDIN-CTL(SUHANDY)";"1";"2011-04-30";"15";"93";"7.75";"7.25";"50000000";"25833333.54";"24166666.46";"277777.78";"26111111.32";"23888888.68"
"78";"DP II BANG/RENOV.CIATEUL  (SUHANDY)";"1";"2011-04-30";"15";"93";"7.75";"7.25";"100000000";"51666667.08";"48333332.92";"555555.5600000001";"52222222.64";"47777777.36"
"79";"BAHAN2 BANG.MW THP 3";"1";"2011-04-30";"15";"93";"7.75";"7.25";"101780000";"52586332.92";"49193667.08";"565444.4399999999";"53151777.36";"48628222.64"
"80";"ONGKOS TUKANG BANG.MW";"1";"2011-04-30";"15";"93";"7.75";"7.25";"6700000";"3461666.46";"3238333.54";"37222.22";"3498888.68";"3201111.32"
"81";"BAHAN2 BANG.MW THP 3";"1";"2011-05-30";"15";"92";"7.67";"7.33";"84160500";"43015366.36";"41145133.64";"467558.33";"43482924.69";"40677575.31"
"82";"ONGKOS TUKANG BANG.MW";"1";"2011-05-30";"15";"92";"7.67";"7.33";"4000000";"2044444.24";"1955555.76";"22222.22";"2066666.46";"1933333.54"
"83";"BAHAN2 BANG MW THP 3";"1";"2011-06-30";"15";"91";"7.58";"7.42";"99090000";"50095500.00";"48994500.00";"550500";"50646000.00";"48444000.00"
"84";"ONGKOS TUKANG BANG.MW";"1";"2011-06-30";"15";"91";"7.58";"7.42";"10580000";"5348777.98";"5231222.02";"58777.78";"5407555.76";"5172444.24"
"85";"PELUN. BANG/RENOV.CIATEUL (SUHANDY)";"1";"2011-06-30";"15";"91";"7.58";"7.42";"64000000";"32355555.96";"31644444.04";"355555.56";"32711111.52";"31288888.48"
"";"";"";"";"";"";"";"TOTAL";"16535063493";"12645815431.31";"3889248061.69";"39436528.65";"12685251959.96";"3849811533.04"
"";"";"";"";"";"";"";"";"";"";"";"";"";""
"Inventaris Ciateul";"";"";"";"";"";"";"";"";"";"";"";"";""
"86";"KOMPUTER";"1";"2008-10-08";"24";"124";"10.33";"13.67";"4162400";"1792144.72";"2370255.28";"14452.78";"1806597.50";"2355802.50"
"87";"PELUNASAN MAINAN TK PASUNDAN";"1";"2012-04-30";"5";"60";"5";"0";"6000000";"6000000";"0";"0";"6000000";"0"
"88";"DRUMBAND 1 SET";"1";"2015-09-30";"5";"41";"3.42";"1.58";"10553535";"7211582.25";"3341952.75";"175892.25";"7387474.50";"3166060.50"
"89";"KEYBOARD PSRS770 SD CTL";"1";"2015-11-30";"2";"24";"2";"0";"12000000";"12000000";"0";"0";"12000000";"0"
"90";"LAPTOP ASUS (TK CTL)";"1";"2016-02-29";"1";"12";"1";"0";"3380000";"3380000";"0";"0";"3380000";"0"
"91";"SOUND SYSTEM TK/SD CTL";"1";"2016-02-29";"1";"12";"1";"0";"27700000";"27700000";"0";"0";"27700000";"0"
"92";"TV40""PANASONIC R.GURU SD CTL";"1";"2016-08-30";"1";"12";"1";"0";"3950000";"3950000";"0";"0";"3950000";"0"
"93";"PRINTER EPSON L-310";"1";"2016-09-30";"1";"12";"1";"0";"1765000";"1765000";"0";"0";"1765000";"0"
"94";"PRINTER EPSON L-310";"1";"2016-09-30";"1";"12";"1";"0";"1765000";"1765000";"0";"0";"1765000";"0"
"95";"1 SET PERLENGK.DRUMBAND (8 BH SNAREDRUM,2 BH STIK MAYORET,2 BH BELLYRA)";"1";"2016-10-30";"1";"12";"1";"0";"8812800";"8812800";"0";"0";"8812800";"0"
"96";" 2 HANDYCAM+MEMORY+TRIPOD U/ TK & SD CTL";"1";"2017-01-30";"1";"12";"1";"0";"5350000";"5350000";"0";"0";"5350000";"0"
"97";"PC INTEL LGA + MAINBOARD + HARDISK";"11";"2017-07-30";"1";"12";"1";"0";"42570000";"42570000";"0";"0";"42570000";"0"
"98";"PRINTER EPSON L-310 SD CTL";"1";"2017-08-30";"1";"12";"1";"0";"1690000";"1690000";"0";"0";"1690000";"0"
"99";"PRINTER EPSON L-310 TK CTL";"1";"2017-08-30";"1";"12";"1";"0";"1690000";"1690000";"0";"0";"1690000";"0"
"100";"DP I MAINAN TK PASUNDAN (I.PRISKA)";"0";"2011-10-30";"5";"60";"5";"0";"9000000";"9000000";"0";"0";"9000000";"0"
"101";"DP II MAINAN TK PASUNDAN (I.PRISKA)";"1";"2011-12-30";"5";"60";"5";"0";"15000000";"15000000";"0";"0";"15000000";"0"
"";"";"";"";"";"";"";"TOTAL";"155388735";"149676526.97";"5712208.03";"190345.03";"149866872.00";"5521863.00"
"";"";"";"";"";"";"";"";"";"";"";"";"";""
"Inventaris Kopo Permai";"";"";"";"";"";"";"";"";"";"";"";"";""
"102";"TV SHARP LED 24"" (CCTV SMP KOPER)";"2";"2014-12-30";"2";"24";"2";"0";"3500000";"3500000";"0";"0";"3500000";"0"
"103";"PERSNL KOMPT @5.920.000";"6";"2015-06-30";"6";"43";"3.58";"2.42";"35520000";"21213333.19";"14306666.81";"493333.33";"21706666.52";"13813333.48"
"104";"AC RUANG AUDIO SMP KOPER";"2";"2015-09-30";"2";"24";"2";"0";"9000000";"9000000";"0";"0";"9000000";"0"
"105";"TV 32"" SAMSUNG (R.TUNGGU) SMP KOPER";"1";"2015-11-30";"1";"12";"1";"0";"2625000";"2625000";"0";"0";"2625000";"0"
"106";"AC+ONGKOS+PIPA+BREKET (bang baru)";"16";"2015-12-30";"16";"37";"3.08";"12.92";"85800000";"16534375.00";"69265625.00";"446875";"16981250.00";"68818750.00"
"107";"LAPTOP ASUS SMP KOPER";"1";"2016-02-29";"1";"12";"1";"0";"3380000";"3380000";"0";"0";"3380000";"0"
"108";"KURSI TUNGGU DUMA 4 SEAT @1.25 JT";"2";"2016-03-30";"2";"24";"2";"0";"2500000";"2500000";"0";"0";"2500000";"0"
"109";"LOCKER SMP KOPER";"1";"2016-04-30";"1";"12";"1";"0";"35308500";"35308500";"0";"0";"35308500";"0"
"110";"INFOCUS ";"1";"2016-07-30";"1";"12";"1";"0";"4250000";"4250000";"0";"0";"4250000";"0"
"111";"TV40""PANASONIC R.GURU SD+SMP KOPER";"2";"2016-08-30";"1";"12";"1";"0";"7900000";"7900000";"0";"0";"7900000";"0"
"112";"AMPLIFIER TOA ZA-2240 SMP KOPER";"1";"2016-08-30";"1";"12";"1";"0";"3500000";"3500000";"0";"0";"3500000";"0"
"113";"PRINTER EPSON L-310";"1";"2016-09-30";"1";"12";"1";"0";"1765000";"1765000";"0";"0";"1765000";"0"
"114";"HANDYCAM+MEMORY+TRIPOD U/ TK & SD KOPER";"2";"2017-01-30";"1";"12";"1";"0";"5350000";"5350000";"0";"0";"5350000";"0"
"115";"KOMPUTER (U/ SERVER &CADANGAN UNBK) @7.770.000";"2";"2017-02-28";"5";"23";"1.92";"3.08";"15540000";"5957000.00";"9583000.00";"259000";"6216000.00";"9324000.00"
"116";"AMPLIFIER 120W";"1";"2017-03-30";"1";"12";"1";"0";"2215000";"2215000";"0";"0";"2215000";"0"
"117";"PC INTEL + MAINBOARD + HARDISK";"13";"2017-07-30";"1";"12";"1";"0";"50310000";"50310000";"0";"0";"50310000";"0"
"118";"Printer EPSON L310";"1";"2017-07-30";"1";"12";"1";"0";"1695000";"1695000";"0";"0";"1695000";"0"
"119";"PRINTER EPSON L-310 SD KOPER";"2";"2017-08-30";"1";"12";"1";"0";"3390000";"3390000";"0";"0";"3390000";"0"
"120";"PRINTER EPSON L-310 SMP KOPER";"1";"2017-08-30";"1";"12";"1";"0";"1695000";"1695000";"0";"0";"1695000";"0"
"121";"PROJECTOR CASIO SMP KOPER";"2";"2017-08-30";"1";"12";"1";"0";"13400000";"13400000";"0";"0";"13400000";"0"
"122";"AMPLIFIER BHAMP TOA SMP KOPER";"1";"2017-08-30";"1";"12";"1";"0";"3000000";"3000000";"0";"0";"3000000";"0"
"123";"PRINTER EPSON L-310 TK KOPER";"1";"2017-08-30";"1";"12";"1";"0";"1695000";"1695000";"0";"0";"1695000";"0"
"124";"1 UNIT RAKITAN (R.AULA MULTIMEDIA) TK KOPER";"1";"2017-09-20";"1";"12";"1";"0";"5050000";"5050000";"0";"0";"5050000";"0"
"125";"6 AC DAIKIN @Rp.5.450.000 SMP KOPER";"6";"2017-11-02";"1";"12";"1";"0";"32700000";"32700000";"0";"0";"32700000";"0"
"126";"Kipas Angin Untuk Kelas";"1";"2017-12-02";"1";"12";"1";"0";"3546000";"3546000";"0";"0";"3546000";"0"
"";"";"";"";"";"";"";"TOTAL";"334634500";"241479208.19";"93155291.81";"1199208.33";"242678416.52";"91956083.48"
"";"";"";"";"";"";"";"";"";"";"";"";"";""
"Inventaris Taman Kopo Indah";"";"";"";"";"";"";"";"";"";"";"";"";""
"127";"SOUND SYSTEM TK/SD TKI";"1";"2016-02-29";"1";"12";"1";"0";"3700000";"3700000";"0";"0";"3700000";"0"
"128";" JETPUMP GRUNDFOS JD BASIC 5500 WATT";"1";"2016-03-30";"1";"12";"1";"0";"4715000";"4715000";"0";"0";"4715000";"0"
"129";"KURSI TUNGGU DUMA UTK TK&SD TKI @2BH";"4";"2016-04-30";"4";"33";"2.75";"1.25";"5000000";"3437500.11";"1562499.89";"104166.67";"3541666.78";"1458333.22"
"130";"1 SET SPEAKER+MIC WIRELESS SUX 14E/DGA 31";"1";"2016-06-30";"1";"12";"1";"0";"4000000";"4000000";"0";"0";"4000000";"0"
"131";"AC DAIKIN 1,5 PK@4,5JT, AC DAIKIN 2 PK 5,9JT+PERLNGKPN";"1";"2016-07-30";"1";"12";"1";"0";"5380556";"5380556";"0";"0";"5380556";"0"
"132";"AC DAIKIN 1,5 PK@4,5JT, AC DAIKIN 2 PK 5,9JT+PERLNGKPN";"2";"2016-07-30";"1";"12";"1";"0";"9519444";"9519444";"0";"0";"9519444";"0"
"133";"INFOCUS @4,250,000 + 6 BRACKET @170,000";"1";"2016-07-30";"1";"12";"1";"0";"4762024";"4762024";"0";"0";"4762024";"0"
"134";"INFOCUS @4,250,000 + 6 BRACKET @170,000";"6";"2016-07-30";"1";"12";"1";"0";"26007976";"26007976";"0";"0";"26007976";"0"
"135";"MAINAN PER KUDA LAUT";"1";"2016-07-30";"1";"12";"1";"0";"2500000";"2500000";"0";"0";"2500000";"0"
"136";"MAINAN INDOOR MOTOR MINI & MINIATUR BUNGA @2,500,000";"1";"2016-09-30";"1";"12";"1";"0";"5000000";"5000000";"0";"0";"5000000";"0"
"137";"PRINTER EPSON L-310";"1";"2016-09-30";"1";"12";"1";"0";"1765000";"1765000";"0";"0";"1765000";"0"
"138";"MAINAN INDOOR TREADMILL";"1";"2016-09-30";"1";"12";"1";"0";"1000000";"1000000";"0";"0";"1000000";"0"
"139";"CENTRAL PABX PANASONIC TES-824 KAP 6 LINE-16 EXTENSION";"1";"2016-10-30";"1";"12";"1";"0";"5385000";"5385000";"0";"0";"5385000";"0"
"140";"PLAYGROUND ";"1";"2016-11-30";"5";"26";"2.17";"2.83";"47000000";"20366666.58";"26633333.42";"783333.33";"21149999.91";"25850000.09"
"141";"HANDYCAM+MEMORY+TRIPOD U/ TK & SD TKI";"2";"2017-01-30";"1";"12";"1";"0";"5350000";"5350000";"0";"0";"5350000";"0"
"142";"AMPLIFIER TOA 120 WATT";"1";"2017-02-28";"1";"12";"1";"0";"2130000";"2130000";"0";"0";"2130000";"0"
"143";"AC Daikin 50 MV";"1";"2017-07-30";"1";"12";"1";"0";"5550000";"5550000";"0";"0";"5550000";"0"
"144";"PRINTER EPSON L-310 SD TKI";"1";"2017-08-30";"1";"12";"1";"0";"1695000";"1695000";"0";"0";"1695000";"0"
"145";"PRINTER EPSON L-310 TK TKI";"1";"2017-08-30";"1";"12";"1";"0";"1695000";"1695000";"0";"0";"1695000";"0"
"146";"Bangku depan UKS";"1";"2017-12-30";"1";"12";"1";"0";"1505500";"1505500";"0";"0";"1505500";"0"
"";"";"";"";"";"";"";"TOTAL";"143660500";"115464666.69";"28195833.31";"887500.00";"116352166.69";"27308333.31"
"";"";"";"";"";"";"";"";"";"";"";"";"";""
"Inventaris Mekar Wangi";"";"";"";"";"";"";"";"";"";"";"";"";""
"147";"MEJA & KURSI(BHN2+OKS) M.WANGI";"60";"2012-04-30";"5";"60";"5";"0";"19634000";"19634000";"0";"0";"19634000";"0"
"148";"PMBYRN I CCTV MEKAR (2 ROLL KABEL)";"0";"2012-07-30";"5";"60";"5";"0";"3000000";"3000000";"0";"0";"3000000";"0"
"149";"PMBYRN II CCTV MEKAR";"0";"2012-08-30";"5";"60";"5";"0";"745000";"745000";"0";"0";"745000";"0"
"150";"PMBYRN III PEMASANGAN CCTV MEKAR";"0";"2012-09-30";"5";"60";"5";"0";"14469800";"14469800";"0";"0";"14469800";"0"
"151";"PMBYRN IV CCTV MEKAR(BACKUP CCTV)";"1";"2012-10-30";"5";"60";"5";"0";"930000";"930000";"0";"0";"930000";"0"
"152";"PRINTER EPSON L-120 MW (TU ADM & PERPUST)";"2";"2015-11-30";"1";"12";"1";"0";"3000000";"3000000";"0";"0";"3000000";"0"
"153";"TV 40"" PANASONIC (LAB BIO,FISIKA,KIMIA) MW";"3";"2015-11-30";"3";"36";"3";"0";"12300000";"12300000";"0";"0";"12300000";"0"
"154";"AC (DIRPEL & KEU @3.8JT + KOORD.KROOHANIAN 3.5JT)";"3";"2015-12-30";"1";"12";"1";"0";"11100000";"11100000";"0";"0";"11100000";"0"
"155";"AC (R.ACCTG Rp.3,8JT) + PIPA+KABEL";"1";"2016-01-30";"1";"12";"1";"0";"4010000";"4010000";"0";"0";"4010000";"0"
"156";"AC (R.FOCO Rp.3,8JT) + PIPA+KABEL";"1";"2016-01-30";"1";"12";"1";"0";"4010000";"4010000";"0";"0";"4010000";"0"
"157";"LAPTOP ASUS SMA MW";"1";"2016-02-29";"1";"12";"1";"0";"3380000";"3380000";"0";"0";"3380000";"0"
"158";" JETPUMP GRUNDFOS JD BASIC 5500 WATT";"1";"2016-03-30";"1";"12";"1";"0";"4715000";"4715000";"0";"0";"4715000";"0"
"159";"2 BH KOMP KEU @5.484.000 & 1 CPU+KEYB 3.676.000";"3";"2016-07-30";"3";"30";"2.5";"0.5";"14644000";"12203333.40";"2440666.60";"406777.78";"12610111.18";"2033888.82"
"160";"AC DAIKIN 2 PK+PERLENGKPN";"6";"2016-07-30";"6";"30";"2.5";"3.5";"35400000";"14750000.10";"20649999.90";"491666.67";"15241666.77";"20158333.23"
"161";"BACTERI INCUBATOR (8.55JT)+RRC ELECTRIC (1.755JT)";"1";"2016-08-30";"1";"12";"1";"0";"10305000";"10305000";"0";"0";"10305000";"0"
"162";"TV40""PANASONIC (AULA MW-@3.95JT)),PRINTER SMP MW";"2";"2016-08-30";"2";"24";"2";"0";"9300000";"9300000";"0";"0";"9300000";"0"
"163";"PRINTER EPSON L-310";"1";"2016-09-30";"1";"12";"1";"0";"1765000";"1765000";"0";"0";"1765000";"0"
"164";"PRINTER EPSON L-310";"1";"2016-09-30";"1";"12";"1";"0";"1765000";"1765000";"0";"0";"1765000";"0"
"165";"PA AMPLIFIER ZA 230W,KABEL RCA U/AUDIO MIC KELAS";"1";"2016-09-30";"1";"12";"1";"0";"1075000";"1075000";"0";"0";"1075000";"0"
"166";"LEMARI ARSIP R.KEUANGAN";"1";"2016-10-30";"1";"12";"1";"0";"1682500";"1682500";"0";"0";"1682500";"0"
"167";"HANDYCAM+MEMORY U/ SMP & SMA MW";"2";"2017-01-30";"2";"24";"2";"0";"5050000";"5050000.08";"-0.08";"0";"5050000.08";"-0.08"
"168";" 1 LAPTOP ASUS PRO P2420LA U/ STAFF KEROHANIAN";"1";"2017-01-30";"1";"12";"1";"0";"6300000";"6300000";"0";"0";"6300000";"0"
"169";"LEMARI R.KEROHANIAN";"1";"2017-02-28";"1";"12";"1";"0";"1875000";"1875000";"0";"0";"1875000";"0"
"170";"KOMPUTER (U/ SERVER &CADANGAN UNBK) @7.770.000";"2";"2017-02-28";"2";"23";"1.92";"0.08";"15540000";"14892500.00";"647500.00";"647500";"15540000.00";"0.00"
"171";"MIXER MACKIE PRO";"1";"2017-02-28";"1";"12";"1";"0";"6600000";"6600000";"0";"0";"6600000";"0"
"172";"MESIN LAS INVERTER LAKONI FALCON 141 GE";"1";"2017-03-30";"1";"12";"1";"0";"1299600";"1299600";"0";"0";"1299600";"0"
"173";"AC Daikin 50 MV u/ R. Guru SMA";"1";"2017-07-30";"1";"12";"1";"0";"5550000";"5550000";"0";"0";"5550000";"0"
"174";"AC Daikin 50 MV u/ R. Aula";"2";"2017-07-30";"2";"18";"1.5";"0.5";"11100000";"8325000.00";"2775000.00";"462500";"8787500.00";"2312500.00"
"175";"Printer EPSON L310 u/ Litbang & HRD";"2";"2017-07-30";"2";"18";"1.5";"0.5";"3390000";"2542500.00";"847500.00";"141250";"2683750.00";"706250.00"
"176";"PRINTER EPSON L-310 UTK SMA";"1";"2017-08-30";"1";"12";"1";"0";"1695000";"1695000";"0";"0";"1695000";"0"
"177";"PROJECT CASIO UTK SMA";"1";"2017-08-30";"1";"12";"1";"0";"6700000";"6700000";"0";"0";"6700000";"0"
"178";"PRINTER EPSON L-310 SMP MW";"1";"2017-08-30";"1";"12";"1";"0";"1695000";"1695000";"0";"0";"1695000";"0"
"179";"PROJECTOR CASIO 2BH R.ROHANI,1BH R.RAPAT";"3";"2017-08-30";"3";"17";"1.42";"1.58";"20100000";"9491666.61";"10608333.39";"558333.33";"10049999.94";"10050000.06"
"180";"AC DAIKIN+PSG (KLS SMA EX R.MUSIK)";"1";"2017-09-06";"1";"12";"1";"0";"6412000";"6412000";"0";"0";"6412000";"0"
"181";"1 UNIT PROCESSOR (BAG.SEKRETARIAT YKKI)";"1";"2017-09-20";"1";"12";"1";"0";"1400000";"1400000";"0";"0";"1400000";"0"
"182";"1 UNIT RAKITAN (BAG.IT YKKI)";"1";"2017-09-20";"1";"12";"1";"0";"6300000";"6300000";"0";"0";"6300000";"0"
"183";"Printer EPSON L310 (R. Keuangan)";"1";"2018-01-17";"1";"11";"0.92";"0.08";"1655000";"1517083.37";"137916.63";"137916.67";"1655000.04";"-0.04"
"";"";"";"";"";"";"";"TOTAL";"259891900";"221784983.56";"38106916.44";"2845944.45";"224630928.01";"35260971.99"
"";"";"";"";"";"";"";"";"";"";"";"";"";""
"Inventaris Kendaraan";"";"";"";"";"";"";"";"";"";"";"";"";""
"184";"DAIHATSU G.MAX 1.3STD SILVER(MINIBUS)";"1";"2012-05-30";"5";"60";"5";"0";"108500000";"108500000";"0";"0";"108500000";"0"
"185";"BAYAR I MOBIL Mitsubishi L300";"0";"2012-10-30";"5";"60";"5";"0";"83250000";"83250000";"0";"0";"83250000";"0"
"186";"ANGSURAN 2 MOBIL Mitsubishi L300";"0";"2012-11-30";"5";"60";"5";"0";"9000000";"9000000";"0";"0";"9000000";"0"
"187";"ANGSURAN 3 MOBIL Mitsubishi L300";"0";"2012-12-30";"5";"60";"5";"0";"9000000";"9000000";"0";"0";"9000000";"0"
"188";"ANGSURAN 4 MOBIL Mitsubishi L300";"0";"2013-01-30";"5";"60";"5";"0";"9000000";"9000000";"0";"0";"9000000";"0"
"189";"ANGSURAN 5 MOBIL Mitsubishi L300";"0";"2013-02-28";"5";"60";"5";"0";"9000000";"9000000";"0";"0";"9000000";"0"
"190";"PEMBAYARAN I MOBIL SUZUKI APV PICKUP";"1";"2013-02-28";"5";"60";"5";"0";"50000000";"50000000";"0";"0";"50000000";"0"
"191";"PEMBAYARAN 2 MOBIL SUZUKI APV PICKUP";"0";"2013-03-30";"5";"60";"5";"0";"52000000";"52000000";"0";"0";"52000000";"0"
"192";"ANGSURAN 6 MOBIL Mitsubishi L300";"0";"2013-03-30";"5";"60";"5";"0";"9000000";"9000000";"0";"0";"9000000";"0"
"193";"ANGSURAN 7 MOBIL Mitsubishi L300";"0";"2013-04-30";"5";"60";"5";"0";"9000000";"9000000";"0";"0";"9000000";"0"
"194";"ANGSURAN 8 MOBIL Mitsubishi L300";"0";"2013-05-30";"5";"60";"5";"0";"9000000";"9000000";"0";"0";"9000000";"0"
"195";"ANGSURAN 9 MOBIL Mitsubishi L300";"0";"2013-06-30";"5";"60";"5";"0";"9000000";"9000000";"0";"0";"9000000";"0"
"196";"ANGSURAN 10 MOBIL Mitsubishi L300";"0";"2013-07-30";"5";"60";"5";"0";"9000000";"9000000";"0";"0";"9000000";"0"
"197";"ANGSURAN 11 MOBIL Mitsubishi L300";"0";"2013-08-30";"5";"60";"5";"0";"9000000";"9000000";"0";"0";"9000000";"0"
"198";"ANGSURAN 12 MOBIL Mitsubishi L300";"0";"2013-09-30";"5";"60";"5";"0";"9000000";"9000000";"0";"0";"9000000";"0"
"199";"MOTOR VARIO 125 (UTK DANIEL)";"1";"2014-01-30";"5";"60";"5";"0";"15734500";"15734500";"0";"0";"15734500";"0"
"200";"MOTOR REVO FIT (D5978MQ) SD KOPER";"1";"2015-03-30";"5";"49";"4.08";"0.92";"12800600";"10453823.17";"2346776.83";"213343.33";"10667166.50";"2133433.50"
"201";"MOBIL IZUSU 18 SEAT";"1";"2015-06-30";"5";"43";"3.58";"1.42";"370000000";"265166666.81";"104833333.19";"6166666.67";"271333333.48";"98666666.52"
"202";"MOBIL AVANZA VELOZ V A/T 1.3 PTH";"1";"2015-11-30";"5";"38";"3.17";"1.83";"199450000";"126318333.46";"73131666.54";"3324166.67";"129642500.13";"69807499.87"
"203";"MOTOR HONDA REVO FIT BLACK GREEN";"1";"2015-12-30";"5";"37";"3.08";"1.92";"12200000";"7523333.21";"4676666.79";"203333.33";"7726666.54";"4473333.46"
"204";"MOTOR HONDA REVO SECOND (D4849ZZ)";"1";"2017-05-30";"0";"0";"0";"0";"4500000";"4500000";"0";"0";"4500000";"0"
"205";"MOTOR HONDA D2591DB";"1";"2003-12-01";"3";"36";"3";"0";"9450000";"9450000";"0";"0";"9450000";"0"
"206";"MOTOR HONDA REVO-CIATEUL";"1";"2010-11-30";"3";"36";"3";"0";"11400000";"11400000";"0";"0";"11400000";"0"
"207";"HONDA D3314ED";"1";"2005-08-01";"2";"24";"2";"0";"10800000";"10800000";"0";"0";"10800000";"0"
"";"";"";"";"";"";"";"TOTAL";"1039085100";"854096656.65";"184988443.35";"9907510.00";"864004166.65";"175080933.35"
