"No";"Tanggal";"No_account";"Deskripsi acc";"No_bukti";"Uraian";"Debet";"Kredit";"Kontra_acc";"Deskripsi kontra"
"1";"2019-02-01";"112.35.111";"bank bca r/k.77";"001/00080/BCAUM-02/19";"Sewa lapangan Basket Mekar tgl 12 Feb'19 (pk.20.00 s/d 22.00 WIB)";"300000.00";"0.00";"551.11.111";"Hadiah/vouch./persembhn natal"
"2";"2019-02-06";"112.28.111";"bdi a/n. ykki";"001A/02874/BDIUM-02/19";"(Usaha Dana) Buku Cetak Tematik Kelas III & VI SD TKI t. p. 2018-2019";"0.00";"4119390.00";"219.21.111";"hutang lain2"
"3";"2019-02-06";"112.28.111";"bdi a/n. ykki";"001B/02874/BDIUM-02/19";"Bi. Fee fund transfer";"0.00";"3000.00";"541.11.111";"Bunga bank"
"4";"2019-02-06";"112.28.111";"bdi a/n. ykki";"002A/02875/BDIUM-02/19";"Pindah Buku ke Bank Mandiri";"0.00";"75000000.00";"112.34.111";"bank mandiri"
"5";"2019-02-06";"112.28.111";"bdi a/n. ykki";"002B/02875/BDIUM-02/19";"Bi. Fee fund transfer";"0.00";"3000.00";"541.11.111";"Bunga bank"
"6";"2019-02-06";"112.28.111";"bdi a/n. ykki";"003A/02876/BDIUM-02/19";"Jasa 6 orang security @Rp. 2.000.000 periode Januari 2019";"0.00";"12000000.00";"713.19.111";"Biaya pemel. bangunan umum"
"7";"2019-02-06";"112.28.111";"bdi a/n. ykki";"003B/02876/BDIUM-02/19";"Bi. Fee fund transfer";"0.00";"3000.00";"541.11.111";"Bunga bank"
"8";"2019-02-06";"112.28.111";"bdi a/n. ykki";"004/02873/BDIUM-02/19";"Pengemb. VA SPP SMP Koper (a.n Ezra Ozora Roboy 8632201404001119) ke SD Koper (a.n Thomas Joel Risandi Roboy 8632201403001849)";"0.00";"137500.00";"118.31.112";"piutang spp smp koper"
"9";"2019-02-06";"112.28.111";"bdi a/n. ykki";"005/00619/BDIUM-02/19";"Storan Usaha Dana MW (koperasi)";"667500.00";"0.00";"219.21.111";"hutang lain2"
"10";"2019-02-06";"112.28.111";"bdi a/n. ykki";"006/00620/BDIUM-02/19";"Storan Usaha Dana MW (tinta)";"310000.00";"0.00";"219.21.111";"hutang lain2"
"11";"2019-02-06";"112.28.111";"bdi a/n. ykki";"007/00621/BDIUM-02/19";"sewa kantin MW Ho Liliana (Juli'18 s/d Juni'19)";"1100000.00";"0.00";"521.13.111";"Sewa kantin mekar wangi"
"12";"2019-02-06";"112.35.111";"bank bca r/k.77";"002/00133/BCAUM-02/19";"Arisan Solo ke 16/36";"0.00";"10000000.00";"118.52.111";"arisan skkk"
"13";"2019-02-06";"112.35.111";"bank bca r/k.77";"003/00134/BCAUM-02/19";"Arisan Pontianak ke 4/36";"0.00";"1000000.00";"118.52.111";"arisan skkk"
"14";"2019-02-06";"112.35.111";"bank bca r/k.77";"004A/00135/BCAUM-02/19";"Pph 21 masa Jan'19 YKKB";"0.00";"4737976.00";"620.11.111";"Gaji pegawai gabungan"
"15";"2019-02-06";"112.35.111";"bank bca r/k.77";"004B/00135/BCAUM-02/19";"Titipan Pph 21 Jasa masa Jan'19 (Jimmy,Iyad,Iyus,Caca)";"0.00";"156840.00";"219.21.111";"hutang lain2"
"16";"2019-02-07";"112.35.111";"bank bca r/k.77";"005/00081/BCAUM-02/19";"Sewa lapangan Basket Mekar tgl 7,14,21 & 28 Feb'19 (pk.20.00 s/d 22.00 WIB)";"1000000.00";"0.00";"551.11.111";"Hadiah/vouch./persembhn natal"
"17";"2019-02-08";"112.34.111";"bank mandiri";"001A/01795/MAND-02/19";"BPJS NAKER KOTA FEB 2019";"0.00";"29627997.00";"620.11.111";"Gaji pegawai gabungan"
"18";"2019-02-08";"112.34.111";"bank mandiri";"001B/01795/MAND-02/19";"BPJS NAKER KAB FEB 2019";"0.00";"18545814.00";"620.11.111";"Gaji pegawai gabungan"
"19";"2019-02-08";"112.34.111";"bank mandiri";"001C/01795/MAND-02/19";"BPJS KESEHATAN FEB 2019";"0.00";"24733101.00";"620.11.111";"Gaji pegawai gabungan"
"20";"2019-02-08";"112.35.111";"bank bca r/k.77";"006/00136/BCAUM-02/19";"Pembyrn Tinta Epson ke Totocom (ttpn Usaha Dana)";"0.00";"2100000.00";"219.21.111";"hutang lain2"
"21";"2019-02-11";"112.35.111";"bank bca r/k.77";"007/00082/BCAUM-02/19";"Sewa lapangan Basket Mekar tgl 12 Feb'19 (pk.20.00 s/d 22.00 WIB)";"300000.00";"0.00";"551.11.111";"Hadiah/vouch./persembhn natal"
"22";"2019-02-11";"112.35.111";"bank bca r/k.77";"008/00083/BCAUM-02/19";"Sewa lapangan Basket Mekar tgl 11,18 & 25 Feb'19 (pk.20.00 s/d 22.00 WIB)";"900000.00";"0.00";"551.11.111";"Hadiah/vouch./persembhn natal"
"23";"2019-02-12";"112.28.111";"bdi a/n. ykki";"008/00622/BDIUM-0219";"sewa kantin MW Herlinda (Juli'18 s/d Juni'19)";"1300000.00";"0.00";"521.13.111";"Sewa kantin mekar wangi"
"24";"2019-02-12";"112.28.111";"bdi a/n. ykki";"009/00623/BDIUM-02/19";"Storan Usaha Dana MW (koperasi)";"1200000.00";"0.00";"219.21.111";"hutang lain2"
"25";"2019-02-12";"112.35.111";"bank bca r/k.77";"009/00084/BCAUM-02/19";"Sewa lapangan Basket Mekar tgl 7,14,21 & 28 Feb'19 (pk.18.00 s/d 20.00 WIB)";"1000000.00";"0.00";"551.11.111";"Hadiah/vouch./persembhn natal"
"26";"2019-02-13";"112.28.111";"bdi a/n. ykki";"010/02877/BDIUM-02/19";"Reimburstment pengeluaran kas SMA 21 Jan s/d 08 Feb'19 (cek No. 510430)";"0.00";"12257800.00";"111.28.111";"kas kecil sma mekar wangi"
"27";"2019-02-13";"112.28.111";"bdi a/n. ykki";"011A/02878/BDIUM-02/19";"Uang Kesejahteraan Januari 2019 TK Ciateul";"0.00";"540000.00";"822.11.111";"Kesejahteraan tk ciateul"
"28";"2019-02-13";"112.28.111";"bdi a/n. ykki";"011B/02878/BDIUM-02/19";"Uang Kesejahteraan Januari 2019 TK Koper";"0.00";"660000.00";"822.12.111";"Kesejahteraan tk koper"
"29";"2019-02-13";"112.28.111";"bdi a/n. ykki";"011C/02878/BDIUM-02/19";"Uang Kesejahteraan Januari 2019 TK TKI";"0.00";"570000.00";"822.13.111";"Kesejahteraan tk tki"
"30";"2019-02-13";"112.28.111";"bdi a/n. ykki";"011D/02878/BDIUM-02/19";"Uang Kesejahteraan Januari 2019 SD Ciateul";"0.00";"1380000.00";"822.14.111";"Kesejahteraan sd ciateul"
"31";"2019-02-13";"112.28.111";"bdi a/n. ykki";"011E/02878/BDIUM-02/19";"Uang Kesejahteraan Januari 2019 SD Koper";"0.00";"1560000.00";"822.15.111";"Kesejahteraan sd koper"
"32";"2019-02-13";"112.28.111";"bdi a/n. ykki";"011F/02878/BDIUM-02/19";"Uang Kesejahteraan Januari 2019 SD TKI";"0.00";"870000.00";"822.15.112";"Kesejahteraan sd tki"
"33";"2019-02-13";"112.28.111";"bdi a/n. ykki";"011G/02878/BDIUM-02/19";"Uang Kesejahteraan Januari 2019 SMP Mekar";"0.00";"1020000.00";"822.16.111";"Kesejahteraan smp mekar wangi"
"34";"2019-02-13";"112.28.111";"bdi a/n. ykki";"011H/02878/BDIUM-02/19";"Uang Kesejahteraan Januari 2019 SMP Koper";"0.00";"1290000.00";"822.17.111";"Kesejahteraan smp koper"
"35";"2019-02-13";"112.28.111";"bdi a/n. ykki";"011I/02878/BDIUM-02/19";"Uang Kesejahteraan Januari 2019 SMA";"0.00";"2190000.00";"822.18.111";"Kesejahteraan sma"
"36";"2019-02-13";"112.28.111";"bdi a/n. ykki";"011J/02878/BDIUM-02/19";"Uang Kesejahteraan Januari 2019 Staff";"0.00";"1140000.00";"822.19.111";"Kesejahteraan staff"
"37";"2019-02-13";"112.28.111";"bdi a/n. ykki";"014/00624/BDIUM-02/19";"Storan Usaha Dana SD Koper (penjualan bk cetak TP.18-19)";"7783000.00";"0.00";"219.21.111";"hutang lain2"
"38";"2019-02-13";"112.28.111";"bdi a/n. ykki";"015/00625/BDIUM-02/19";"Pindah buku dr BDI VA Koper ke BDIumum";"179000000.00";"0.00";"112.32.112";"bdi virtual koper (3562373021)"
"39";"2019-02-13";"112.28.111";"bdi a/n. ykki";"016/00626/BDIUM-02/19";"Pindah buku dr BDI VA MW ke BDIumum";"143000000.00";"0.00";"112.32.114";"bdi virtual mw 93562375307)"
"40";"2019-02-13";"112.28.111";"bdi a/n. ykki";"017/00627/BDIUM-02/19";"Pindah buku dr BDI VA Ciateul ke BDIumum";"99000000.00";"0.00";"112.32.111";"bdi virtual Ctl(3562377469)"
"41";"2019-02-13";"112.28.111";"bdi a/n. ykki";"018/00628/BDIUM-02/19";"Pindah buku dr BDI VA TKI ke BDIumum";"71000000.00";"0.00";"112.32.113";"bdi tki (virtual account)"
"42";"2019-02-13";"112.28.111";"bdi a/n. ykki";"019/02879/BDIUM-02/19";"PENGEMB. VA SPP SMA (A/N NATASHYA SETIASTUTI H. 8630201505001679) KE SPP SMA DANIEL SETIAWAN H. 8630201605001771";"0.00";"1560000.00";"118.41.111";"piutang spp sma mekar wangi"
"43";"2019-02-13";"112.28.111";"bdi a/n. ykki";"020/02880/BDIUM-02/19";"Pinjaman kary. A.n Deden Firman Ramadhan (SD ctl) cicilan 10 bln @Rp.200.000 mulai dicicil Feb'19";"0.00";"2000000.00";"117.15.111";"piutg kary & pegawai"
"44";"2019-02-13";"112.35.111";"bank bca r/k.77";"010/00085/BCAUM-02/19";"Pindah buku dr BCA VA Koper ke BCA umum";"450000000.00";"0.00";"112.36.112";"bank bca va koper"
"45";"2019-02-13";"112.35.111";"bank bca r/k.77";"011/00086/BCAUM-02/19";"Pindah buku dr BCA VA MW ke BCA umum";"450000000.00";"0.00";"112.36.114";"bank bca va mw"
"46";"2019-02-13";"112.35.111";"bank bca r/k.77";"012/00087/BCAUM-02/19";"Pindah buku dr BCA VA Ciateul ke BCA umum";"130000000.00";"0.00";"112.36.111";"bank bca va ciateul"
"47";"2019-02-13";"112.35.111";"bank bca r/k.77";"013/00088/BCAUM-02/19";"Pindah buku dr BCA VA TKI ke BCA umum";"100000000.00";"0.00";"112.36.113";"bank bca va tki"
"48";"2019-02-13";"112.35.111";"bank bca r/k.77";"014A/00137/BCAUM-02/19";"1 unit Komputer utk back up server UNBK SMP/SMA Mekar (rincian terlampir)";"0.00";"9550000.00";"123.14.111";"inventaris m.wangi"
"49";"2019-02-13";"112.35.111";"bank bca r/k.77";"014B/00137/BCAUM-02/19";"Harddisk seagate ITB 3,5 "" utk TU TK Ciateul ";"0.00";"700000.00";"631.11.111";"Pemel. inventaris tk ciateul"
"50";"2019-02-13";"112.35.111";"bank bca r/k.77";"014C/00137/BCAUM-02/19";"Keyboard & mouse Genius KB 125 3 pcs @Rp. 145.000 (dibagi 2  utk perpustakaan SMP/SMA Mekar )";"0.00";"217500.00";"631.16.111";"Pemel. inventaris smp ctl"
"51";"2019-02-13";"112.35.111";"bank bca r/k.77";"014D/00137/BCAUM-02/19";"Keyboard & mouse Genius KB 125 3 pcs @Rp. 145.000 (dibagi 2  utk perpustakaan SMP/SMA Mekar )";"0.00";"217500.00";"631.18.111";"Pemel. inventaris sma"
"52";"2019-02-13";"112.35.111";"bank bca r/k.77";"014E/00137/BCAUM-02/19";"1 unit Komputer utk TU Adm SD TKI";"0.00";"6700000.00";"123.15.111";"inventaris tki ii"
"53";"2019-02-13";"112.35.111";"bank bca r/k.77";"014F/00137/BCAUM-02/19";"1bh Printer Epson L310 utk R. KepSek SMP Mekar";"0.00";"1750000.00";"123.14.111";"inventaris m.wangi"
"54";"2019-02-13";"112.35.111";"bank bca r/k.77";"015/00138/BCAUM-02/19";"(Usaha Dana) DP Cetak buku tulis SKKKB t.p. 2019-2020";"0.00";"20000000.00";"219.21.111";"hutang lain2"
"55";"2019-02-13";"112.35.111";"bank bca r/k.77";"016/00139/BCAUM-02/19";"Honor ekstrakurikuler piano siswa TK TKI Semester II t.p. 2018-2019 : 8 siswa @Rp. 600.000 (honor dibayar sekaligus di awal semester) ";"0.00";"4800000.00";"626.13.111";"Biaya adm. tk tki"
"56";"2019-02-13";"112.35.111";"bank bca r/k.77";"017A/00140/BCAUM-02/19";"Bantuan UP dari Uang Sumb. PSB SD Koper utk Jhosua 0686420183002132";"0.00";"1500000.00";"407.12.111";"UP bayar dimuka sd koper"
"57";"2019-02-13";"112.35.111";"bank bca r/k.77";"017B/00140/BCAUM-02/19";"Bantuan UP dari Uang Sumb. PSB SD Koper utk Jeremia Alphian Rivando 0686420183002103";"0.00";"1000000.00";"407.12.111";"UP bayar dimuka sd koper"
"58";"2019-02-13";"112.35.111";"bank bca r/k.77";"017C/00140/BCAUM-02/19";"Bantuan UP dari Uang Sumb. PSB SD Koper utk Angel Joyce Phen 0686420183002130";"0.00";"1500000.00";"407.12.111";"UP bayar dimuka sd koper"
"59";"2019-02-13";"112.35.111";"bank bca r/k.77";"017D/00140/BCAUM-02/19";"Bantuan UP dari Uang Sumb. PSB SD Koper utk Queenby Ruttresia 0686420183002143";"0.00";"1500000.00";"407.12.111";"UP bayar dimuka sd koper"
"60";"2019-02-13";"112.35.111";"bank bca r/k.77";"017E/00140/BCAUM-02/19";"Bantuan UP dari Uang Sumb. PSB SD Koper utk Efraim Natalius Waoma 0686420183002140";"0.00";"1000000.00";"407.12.111";"UP bayar dimuka sd koper"
"61";"2019-02-13";"112.35.111";"bank bca r/k.77";"017F/00140/BCAUM-02/19";"Bantuan UP dari Uang Sumb. PSB SD Koper utk Wavi Sitanggang 0686420183002118";"0.00";"1500000.00";"407.12.111";"UP bayar dimuka sd koper"
"62";"2019-02-13";"112.35.111";"bank bca r/k.77";"017G/00140/BCAUM-02/19";"Bantuan UP dari Uang Sumb. PSB SD Koper utk Calista Victoria 0686420183002153";"0.00";"1250000.00";"407.12.111";"UP bayar dimuka sd koper"
"63";"2019-02-13";"626.18.111";"Biaya adm sma";"001/KA801122/SMA-02/19";"Biaya fc soal"" ( 31.855 x 200 )";"6371000.00";"0.00";"111.28.111";"kas kecil sma mekar wangi"
"64";"2019-02-13";"626.18.111";"Biaya adm sma";"002/KA801122/SMA-02/19";"Pembelian buku"" perpustakaan";"885200.00";"0.00";"111.28.111";"kas kecil sma mekar wangi"
"65";"2019-02-13";"626.18.111";"Biaya adm sma";"003/KA801122/SMA-02/19";"Pembelian bahan"" praktikum";"722600.00";"0.00";"111.28.111";"kas kecil sma mekar wangi"
"66";"2019-02-13";"626.18.111";"Biaya adm sma";"004/KA801123/SMA-02/19";"Kok badminton untuk ekskul";"250000.00";"0.00";"111.28.111";"kas kecil sma mekar wangi"
"67";"2019-02-13";"626.18.111";"Biaya adm sma";"005/KA801124/SMA-02/19";"Konsumsi operator & teknisi Simulasi UNBK SMA TA.1819 tgl 07-08 Februari 2019";"99000.00";"0.00";"111.28.111";"kas kecil sma mekar wangi"
"68";"2019-02-13";"624.11.116";"Sumbangan sma";"006/KK81115/SMA-02/19";"Banner ucapan belasungkawa u/ kel. Yohanes Farlan";"160000.00";"0.00";"111.28.111";"kas kecil sma mekar wangi"
"69";"2019-02-13";"624.11.111";"Iuran,sampah & dinas sma";"007/KK81115/SMA-02/19";"Koran KOMPAS & PIKIRAN RAKYAT periode Januari 2019 + By kirim";"160000.00";"0.00";"111.28.111";"kas kecil sma mekar wangi"
"70";"2019-02-13";"624.11.117";"Alat tulis sma";"008/KK81116/SMA-02/19";"Kertas A4 ( 4 rim x @39.500 )";"158000.00";"0.00";"111.28.111";"kas kecil sma mekar wangi"
"71";"2019-02-13";"624.11.117";"Alat tulis sma";"009/KK81116/SMA-02/19";"Kertas F4 (18 rim x @42.000)";"756000.00";"0.00";"111.28.111";"kas kecil sma mekar wangi"
"72";"2019-02-13";"631.18.111";"Pemel. inventaris sma";"010/KK81116/SMA-02/19";"Bahan untuk perbaikan lemari TU SMA";"63000.00";"0.00";"111.28.111";"kas kecil sma mekar wangi"
"73";"2019-02-13";"713.18.111";"Biaya pemel. bangunan sma";"011/KK81116/SMA-02/19";"Kawat untuk ruang dance lantai 4";"20000.00";"0.00";"111.28.111";"kas kecil sma mekar wangi"
"74";"2019-02-13";"624.11.117";"Alat tulis sma";"012/KK81116/SMA-02/19";"Biaya jilid file"" keuangan";"470000.00";"0.00";"111.28.111";"kas kecil sma mekar wangi"
"75";"2019-02-13";"851.18.111";"Perjln dinas sma";"013/KK81117/SMA-02/19";"Biaya transport seminar Guru oleh BINUS di Hotel Marriot, 30 Januari 2019 (Bp. Yosef)";"25000.00";"0.00";"111.28.111";"kas kecil sma mekar wangi"
"76";"2019-02-13";"624.11.117";"Alat tulis sma";"014/KK81117/SMA-02/19";"Materai 2 buah @6.000 untuk keperluan DNT UNBK";"12000.00";"0.00";"111.28.111";"kas kecil sma mekar wangi"
"77";"2019-02-13";"624.11.117";"Alat tulis sma";"015/KK81117/SMA-02/19";"Refill Monochrome Brother untuk bag. kurikulum";"120000.00";"0.00";"111.28.111";"kas kecil sma mekar wangi"
"78";"2019-02-13";"851.18.111";"Perjln dinas sma";"016/KK81118/SMA-02/19";"By workshop penyusunan soal USBN oleh Forum MGMP SMA kota Bandung (Ib.Wulandari)";"50000.00";"0.00";"111.28.111";"kas kecil sma mekar wangi"
"79";"2019-02-13";"681.18.111";"Kebaktian/rapat/seminar sma";"017/KK81119/SMA-02/19";"Biaya workshop penyusunan soal USBN PPKN";"150000.00";"0.00";"111.28.111";"kas kecil sma mekar wangi"
"80";"2019-02-13";"851.18.111";"Perjln dinas sma";"018/KK81119/SMA-02/19";"Biaya transport penugasan pelatihan (Bp. Ade)";"100000.00";"0.00";"111.28.111";"kas kecil sma mekar wangi"
"81";"2019-02-13";"681.18.111";"Kebaktian/rapat/seminar sma";"019/KK81119/SMA-02/19";"Biaya workshop penyusunan soal USBN Ekonomi";"150000.00";"0.00";"111.28.111";"kas kecil sma mekar wangi"
"82";"2019-02-13";"851.18.111";"Perjln dinas sma";"020/KK81119/SMA-02/19";"Biaya transport penugasan pelatihan (Ib. Taruli)";"100000.00";"0.00";"111.28.111";"kas kecil sma mekar wangi"
"83";"2019-02-13";"681.18.111";"Kebaktian/rapat/seminar sma";"021/KK81120/SMA-02/19";"Biaya workshop penyusunan soal USBN Matematika";"150000.00";"0.00";"111.28.111";"kas kecil sma mekar wangi"
"84";"2019-02-13";"851.18.111";"Perjln dinas sma";"022/KK81120/SMA-02/19";"Biaya transport penugasan pelatihan (Bp. Budi H)";"100000.00";"0.00";"111.28.111";"kas kecil sma mekar wangi"
"85";"2019-02-13";"681.18.111";"Kebaktian/rapat/seminar sma";"023/KK81120/SMA-02/19";"Biaya workshop penyusunan soal USBN Biologi";"150000.00";"0.00";"111.28.111";"kas kecil sma mekar wangi"
"86";"2019-02-13";"851.18.111";"Perjln dinas sma";"024/KK81120/SMA-02/19";"Biaya transport penugasan pelatihan (Ib. Greselita)";"100000.00";"0.00";"111.28.111";"kas kecil sma mekar wangi"
"87";"2019-02-13";"624.11.112";"Air,gas&,konsumsi sma";"025/KK81121/SMA-02/19";"Konsumsi karyawan periode Februari 2019";"50000.00";"0.00";"111.28.111";"kas kecil sma mekar wangi"
"88";"2019-02-13";"624.11.111";"Iuran,sampah & dinas sma";"026/KK81121/SMA-02/19";"Iuran sampah periode Februari 2019";"250000.00";"0.00";"111.28.111";"kas kecil sma mekar wangi"
"89";"2019-02-13";"624.11.117";"Alat tulis sma";"027/KK81121/SMA-02/19";"Refill Monochrome Brother untuk bag. kurikulum";"120000.00";"0.00";"111.28.111";"kas kecil sma mekar wangi"
"90";"2019-02-13";"624.11.111";"Iuran,sampah & dinas sma";"028/KK81122/SMA-02/19";"Monitoring dan Penilaian PKKS SMA oleh Ib. Dra. Eka K. M.Pd Kamis 07 Februari 2019";"250000.00";"0.00";"111.28.111";"kas kecil sma mekar wangi"
"91";"2019-02-13";"624.11.111";"Iuran,sampah & dinas sma";"029/KK81123/SMA-02/19";"Snack untuk monitoring dan Penilaian PKKS SMA oleh Ib. Dra. Eka K M.Pd";"141000.00";"0.00";"111.28.111";"kas kecil sma mekar wangi"
"92";"2019-02-13";"713.18.111";"Biaya pemel. bangunan sma";"030/KK81123/SMA-02/19";"Besi untuk pelindung bola lapangan basket";"25000.00";"0.00";"111.28.111";"kas kecil sma mekar wangi"
"93";"2019-02-13";"713.18.111";"Biaya pemel. bangunan sma";"031/KK81124/SMA-02/19";"Karbol dan pembersih lantai";"100000.00";"0.00";"111.28.111";"kas kecil sma mekar wangi"
"94";"2019-02-14";"112.28.111";"bdi a/n. ykki";"021/00629/BDIUM-02/19";"sewa kantin MW Ho Liliana (Juli'18 s/d Juni'19)";"1100000.00";"0.00";"521.13.111";"Sewa kantin mekar wangi"
"95";"2019-02-15";"112.35.111";"bank bca r/k.77";"018/00141/BCAUM-02/19";"Printed Circuit Assy, PCB AC utk perbaikan AC TK Koper";"0.00";"905300.00";"631.12.111";"Pemel. inventaris tk koper"
"96";"2019-02-18";"112.28.111";"bdi a/n. ykki";"022/00630/BDIUM-02/19";"Storan uang jemputan";"1000000.00";"0.00";"551.11.111";"Hadiah/vouch./persembhn natal"
"97";"2019-02-18";"112.28.111";"bdi a/n. ykki";"023/00631/BDIUM-02/19";"Storan uang listrik vending machine MW (Feb-Mar'19)";"500000.00";"0.00";"871.16.111";"Biaya listrik smp ciateul"
"98";"2019-02-18";"112.28.111";"bdi a/n. ykki";"024/00632/BDIUM-02/19";"Storan uang listrik vending machine Koper (Feb-Mar'19)";"500000.00";"0.00";"871.15.111";"Biaya listrik sd koper"
"99";"2019-02-18";"112.28.111";"bdi a/n. ykki";"025/00633/BDIUM-02/19";"Profit Sharing Vending machine MW Jan'19";"345500.00";"0.00";"551.11.111";"Hadiah/vouch./persembhn natal"
"100";"2019-02-18";"112.28.111";"bdi a/n. ykki";"026/00634/BDIUM-02/19";"Profit Sharing Vending machine Koper Jan'19";"334900.00";"0.00";"551.11.111";"Hadiah/vouch./persembhn natal"
"101";"2019-02-19";"112.34.111";"bank mandiri";"002A/01796/MAND-02/19";" LISTRIK TK/SD TKI FEB 2019";"0.00";"1159838.00";"871.15.112";"Biaya listrik sd tki"
"102";"2019-02-19";"112.34.111";"bank mandiri";"002B/01796/MAND-02/19";" LISTRIK TK KOPER FEB 2019";"0.00";"2059019.00";"871.12.111";"Biaya listrik tk koper"
"103";"2019-02-19";"112.34.111";"bank mandiri";"002C/01796/MAND-02/19";" ADM BANK MAND FEB 19 @RP.3500 X 5";"0.00";"17500.00";"541.11.111";"Bunga bank"
"104";"2019-02-20";"112.28.111";"bdi a/n. ykki";"027/02881/BDIUM-02/19";"Konstruksi Dalam Pelaksanaan SD TKI (reimburstmen kas proyek 5Des'18 s/d 13Feb'19)";"0.00";"24765000.00";"118.54.111";"u.m kontruksi dlm pembang. tki"
"105";"2019-02-20";"112.28.111";"bdi a/n. ykki";"028/00635/BDIUM-02/19";"Storan Usaha Dana MW (kantin)";"5748500.00";"0.00";"219.21.111";"hutang lain2"
"106";"2019-02-20";"112.28.111";"bdi a/n. ykki";"029A/02883/BDIUM-02/19";"(Usaha Dana) Buku Cetak Tematik Kelas III SD KOPER t. p. 2018-2019";"0.00";"3904215.00";"219.21.111";"hutang lain2"
"107";"2019-02-20";"112.28.111";"bdi a/n. ykki";"029B/02883/BDIUM-02/19";"Bi. Fee fund transfer";"0.00";"3000.00";"541.11.111";"Bunga bank"
"108";"2019-02-20";"112.35.111";"bank bca r/k.77";"019/00142/BCAUM-02/19";"Pengembalian VA a.n Livia Nastasia Sipayung dr TK Koper ke SD Koper";"0.00";"575000.00";"118.11.112";"piutang spp tk koper"
"109";"2019-02-20";"112.35.111";"bank bca r/k.77";"020/00089/BCAUM-02/19";"Sewa lapangan Basket Mekar tgl 20 Feb'19 (pk.18.00 s/d 22.00 WIB)";"600000.00";"0.00";"551.11.111";"Hadiah/vouch./persembhn natal"
"110";"2019-02-21";"112.28.111";"bdi a/n. ykki";"030/00636/BDIUM-02/19";"pelajaran tambahan SMP MW";"1775000.00";"0.00";"551.11.111";"Hadiah/vouch./persembhn natal"
"111";"2019-02-21";"112.28.111";"bdi a/n. ykki";"031/00637/BDIUM-02/19";"Sisa study tour kls 7-8 SMP MW TP.18-19 (dipungut tunai dr siswa)";"188000.00";"0.00";"551.11.111";"Hadiah/vouch./persembhn natal"
"112";"2019-02-21";"112.28.111";"bdi a/n. ykki";"032/00638/BDIUM-02/19";"KLEBIHAN HONOR ESKUL SD KOPER JAN'19";"200000.00";"0.00";"620.11.111";"Gaji pegawai gabungan"
"113";"2019-02-21";"112.28.111";"bdi a/n. ykki";"033/00639/BDIUM-02/19";"Pelajaran tambahan SMP Koper";"3460000.00";"0.00";"551.11.111";"Hadiah/vouch./persembhn natal"
"114";"2019-02-21";"112.28.111";"bdi a/n. ykki";"033A/02882/BDIUM-02/19";"Reimburstment pengeluaran kas TK Koper 24 Jan s/d 14 Feb'19 (cek No. 510433)";"0.00";"10497100.00";"111.22.111";"kas kecil tk koper"
"115";"2019-02-21";"626.12.111";"Biaya adm tk koper";"001/KA22436/TK2-02/19";"Tahu, maizena, minyak wijen u/konsumsi siswa + parkir 2.000";"293300.00";"0.00";"111.22.111";"kas kecil tk koper"
"116";"2019-02-21";"626.12.111";"Biaya adm tk koper";"002/KA22436/TK2-02/19";"100 lbr F/C pengumuman acara Culture Fest.";"25000.00";"0.00";"111.22.111";"kas kecil tk koper"
"117";"2019-02-21";"626.12.111";"Biaya adm tk koper";"003/KA22437/TK2-02/19";"2 sanca coin, jelly jeruk, kwaci putih, permen hamoi u/konsumsi Culture Fest.";"178600.00";"0.00";"111.22.111";"kas kecil tk koper"
"118";"2019-02-21";"626.12.111";"Biaya adm tk koper";"004/KA22437/TK2-02/19";"1 ball susu 1 kg & 1 ball mari wijen u/konsumsi Culture Fest.";"150000.00";"0.00";"111.22.111";"kas kecil tk koper"
"119";"2019-02-21";"626.12.111";"Biaya adm tk koper";"005/KA22438/TK2-02/19";"4 lampion panjang + 2 lampu u/dekorasi Culture Fest";"240000.00";"0.00";"111.22.111";"kas kecil tk koper"
"120";"2019-02-21";"626.12.111";"Biaya adm tk koper";"006/KA22438/TK2-02/19";"3 rumbai + 1 rol pilin mas + 10 rol pita merah mas + pita kain u/dekor Culture Fest.";"197500.00";"0.00";"111.22.111";"kas kecil tk koper"
"121";"2019-02-21";"626.12.111";"Biaya adm tk koper";"007/KA22438/TK2-02/19";"Tali + pita + peniti u/dekorasi Culture Fest.";"56000.00";"0.00";"111.22.111";"kas kecil tk koper"
"122";"2019-02-21";"626.12.111";"Biaya adm tk koper";"008/KA22439/TK2-02/19";"1 rim HVS 80 gr A4 w/red u/perlengkapan Culture Fest.";"95000.00";"0.00";"111.22.111";"kas kecil tk koper"
"123";"2019-02-21";"626.12.111";"Biaya adm tk koper";"009/KA22439/TK2-02/19";"8 pak kertas krep merah u/perlengkapan Culture Fest.";"248000.00";"0.00";"111.22.111";"kas kecil tk koper"
"124";"2019-02-21";"626.12.111";"Biaya adm tk koper";"010/KA22439/TK2-02/19";"20 lbr kertas krep u/prakarya TK A";"50000.00";"0.00";"111.22.111";"kas kecil tk koper"
"125";"2019-02-21";"626.12.111";"Biaya adm tk koper";"011/KA22440/TK2-02/19";"2 kaleng pilox u/dekorasi acara imlek";"50000.00";"0.00";"111.22.111";"kas kecil tk koper"
"126";"2019-02-21";"626.12.111";"Biaya adm tk koper";"012/KA22440/TK2-02/19";"5 bgks lem fox putih u/prakarya siswa";"75000.00";"0.00";"111.22.111";"kas kecil tk koper"
"127";"2019-02-21";"626.12.111";"Biaya adm tk koper";"013/KA22440/TK2-02/19";"Telur, totole, bwg merah-pth u/konsumsi siswa";"276900.00";"0.00";"111.22.111";"kas kecil tk koper"
"128";"2019-02-21";"626.12.111";"Biaya adm tk koper";"014/KA22441/TK2-02/19";"4 lbr paper macha u/KBM siswa";"100000.00";"0.00";"111.22.111";"kas kecil tk koper"
"129";"2019-02-21";"626.12.111";"Biaya adm tk koper";"015/KA22441/TK2-02/19";"11 set rantang + 10 piring oval u/perlengkapan Culture Fest. + parkir 2 motor 4.000";"494300.00";"0.00";"111.22.111";"kas kecil tk koper"
"130";"2019-02-21";"626.12.111";"Biaya adm tk koper";"016/KA22441/TK2-02/19";"2 kg ayam fillet u/konsumsi siswa";"100000.00";"0.00";"111.22.111";"kas kecil tk koper"
"131";"2019-02-21";"626.12.111";"Biaya adm tk koper";"017/KA22442/TK2-02/19";"10 lbr kertas coklat + 1 accessories u/perlengkapan Culture Fest. + parkir 2.000";"34000.00";"0.00";"111.22.111";"kas kecil tk koper"
"132";"2019-02-21";"626.12.111";"Biaya adm tk koper";"018/KA22442/TK2-02/19";"3 bh slinger 331 u/perlengkapan Culture fest.";"15000.00";"0.00";"111.22.111";"kas kecil tk koper"
"133";"2019-02-21";"626.12.111";"Biaya adm tk koper";"019/KA22442/TK2-02/19";"100 pcs angpao (dompet) u/acara Culture Fest.";"350000.00";"0.00";"111.22.111";"kas kecil tk koper"
"134";"2019-02-21";"626.12.111";"Biaya adm tk koper";"020/KA22442/TK2-02/19";"5 dus dodol isi 12 u/acara Culture Fest.";"175000.00";"0.00";"111.22.111";"kas kecil tk koper"
"135";"2019-02-21";"626.12.111";"Biaya adm tk koper";"021/KA22443/TK2-02/19";"2.5 kg jeruk shantang u/acara Culture Fest.";"62500.00";"0.00";"111.22.111";"kas kecil tk koper"
"136";"2019-02-21";"626.12.111";"Biaya adm tk koper";"022/KA22443/TK2-02/19";"4,76 kg jeruk mandarin + 1,1 kg jeruk mand palist + tusuk gigi u/acara Culture Fest. + Parkir 2.000";"86200.00";"0.00";"111.22.111";"kas kecil tk koper"
"137";"2019-02-21";"626.12.111";"Biaya adm tk koper";"023/KA22443/TK2-02/19";"100 lbr uang Rp 2.000 u/angpao anak-anak acara Culture fest.";"200000.00";"0.00";"111.22.111";"kas kecil tk koper"
"138";"2019-02-21";"626.12.111";"Biaya adm tk koper";"024/KA22444/TK2-02/19";"2 slinger 331 u/perlengkapan Culture Fest.";"10000.00";"0.00";"111.22.111";"kas kecil tk koper"
"139";"2019-02-21";"626.12.111";"Biaya adm tk koper";"025/KA22444/TK2-02/19";"15 kg mie rebus u/konsumsi Culture fest.";"540000.00";"0.00";"111.22.111";"kas kecil tk koper"
"140";"2019-02-21";"626.12.111";"Biaya adm tk koper";"026/KA22444/TK2-02/19";"8 pak garpu plastik u/konsumsi Culture Fest.";"40000.00";"0.00";"111.22.111";"kas kecil tk koper"
"141";"2019-02-21";"626.12.111";"Biaya adm tk koper";"027/KA22444/TK2-02/19";"Ayam, telor, bwg pth, kol, udang, ati ampela, minyak, terigu u/konsumsi Culture Fest.";"334700.00";"0.00";"111.22.111";"kas kecil tk koper"
"142";"2019-02-21";"626.12.111";"Biaya adm tk koper";"028/KA22445/TK2-02/19";"10 pak piring kertas u/prakarya";"20000.00";"0.00";"111.22.111";"kas kecil tk koper"
"143";"2019-02-21";"626.12.111";"Biaya adm tk koper";"029/KA22445/TK2-02/19";"1 kg telor u/konsumsi Culture Fest.";"26000.00";"0.00";"111.22.111";"kas kecil tk koper"
"144";"2019-02-21";"626.12.111";"Biaya adm tk koper";"030/KA22445/TK2-02/19";"Bahan ekskul cooking 11-02-19 u/11 anak (potato cheese)";"55000.00";"0.00";"111.22.111";"kas kecil tk koper"
"145";"2019-02-21";"626.12.111";"Biaya adm tk koper";"031/KA22445/TK2-02/19";"22 tiket renang ekskul 12-02-19";"330000.00";"0.00";"111.22.111";"kas kecil tk koper"
"146";"2019-02-21";"626.12.111";"Biaya adm tk koper";"032/KA22446/TK2-02/19";"Totole & maizena u/konsumsi siswa + parkir 2.000";"39800.00";"0.00";"111.22.111";"kas kecil tk koper"
"147";"2019-02-21";"626.12.111";"Biaya adm tk koper";"033/KA22446/TK2-02/19";"2 kg fillet ayam + 1 kg udang + 1 kg telor + 20 pak kwetiaw + 1 kg tauge + 1/4 bwg pth u/konsumsi siswa + parkir 2.000";"270000.00";"0.00";"111.22.111";"kas kecil tk koper"
"148";"2019-02-21";"621.12.121";"Perleng. bangunan tk koper";"034/KK22223/TK2-02/19";"2 ons karet gelang u/keperluan dapur & ATK guru";"16000.00";"0.00";"111.22.111";"kas kecil tk koper"
"149";"2019-02-21";"621.12.112";"Air & gas & konsumsi tk koper";"035/KK22223/TK2-02/19";"Gula, teh u/keperluan dapur + parkir 2.000";"47300.00";"0.00";"111.22.111";"kas kecil tk koper"
"150";"2019-02-21";"621.12.120";"Perleng. sklh tk koper";"036/KK22223/TK2-02/19";"Storage basket u/perlengkapan di ruang motor skill";"250000.00";"0.00";"111.22.111";"kas kecil tk koper"
"151";"2019-02-21";"713.12.111";"Biaya pemel. bangunan tk koper";"037/KK22224/TK2-02/19";"2 kran, sealtape, terpentin u/ganti kran di tempat cuci tangan & toilet";"120500.00";"0.00";"111.22.111";"kas kecil tk koper"
"152";"2019-02-21";"621.12.111";"Iuran sampah & dinas tk koper";"038/KK22224/TK2-02/19";"Iuran bulanan warga RT03 RW013 Februari 2019";"425000.00";"0.00";"111.22.111";"kas kecil tk koper"
"153";"2019-02-21";"713.12.111";"Biaya pemel. bangunan tk koper";"039/KK22224/TK2-02/19";"1 lbr multi 18 mm u/renovasi kamar pegawai";"222000.00";"0.00";"111.22.111";"kas kecil tk koper"
"154";"2019-02-21";"621.12.121";"Perleng. bangunan tk koper";"040/KK22225/TK2-02/19";"3 piring oval 17"" u/keperluan dapur";"106500.00";"0.00";"111.22.111";"kas kecil tk koper"
"155";"2019-02-21";"621.12.121";"Perleng. bangunan tk koper";"041/KK22225/TK2-02/19";"3 piring oval 17"" u/keperluan dapur + parkir 8.000";"114500.00";"0.00";"111.22.111";"kas kecil tk koper"
"156";"2019-02-21";"621.12.112";"Air & gas & konsumsi tk koper";"042/KK22225/TK2-02/19";"isi gas LPG 12 kg";"148000.00";"0.00";"111.22.111";"kas kecil tk koper"
"157";"2019-02-21";"621.12.112";"Air & gas & konsumsi tk koper";"043/KK22225/TK2-02/19";"3 galon air Ron 88 u/minum di kantor & dapur";"39000.00";"0.00";"111.22.111";"kas kecil tk koper"
"158";"2019-02-21";"621.12.112";"Air & gas & konsumsi tk koper";"044/KK22226/TK2-02/19";"3 galon air Ron 88 u/minum di kantor & dapur";"39000.00";"0.00";"111.22.111";"kas kecil tk koper"
"159";"2019-02-21";"621.12.121";"Perleng. bangunan tk koper";"045/KK22226/TK2-02/19";"2 sapu ijuk u/pekarangan depan";"40000.00";"0.00";"111.22.111";"kas kecil tk koper"
"160";"2019-02-21";"621.12.121";"Perleng. bangunan tk koper";"046/KK22226/TK2-02/19";"2 sapu lidi halaman u/pekarangan depan";"30000.00";"0.00";"111.22.111";"kas kecil tk koper"
"161";"2019-02-21";"621.12.117";"Alat tulis kantor tk koper";"047/KK22226/TK2-02/19";"5 pak batere u/jam & remote AC + parkir 2.000";"166500.00";"0.00";"111.22.111";"kas kecil tk koper"
"162";"2019-02-21";"621.12.116";"Sumbangan tk koper";"048/KK22227/TK2-02/19";"beli 1 buah kalender PGRI";"45000.00";"0.00";"111.22.111";"kas kecil tk koper"
"163";"2019-02-21";"681.12.111";"Kebaktian/rapat/seminar tk koper";"049/KK22227/TK2-02/19";"Biaya pelatihan/workshop 1 org guru, 21-23 feb 2019 IGTKI PGRI Kab. Bandung";"150000.00";"0.00";"111.22.111";"kas kecil tk koper"
"164";"2019-02-21";"621.12.119";"Biaya lomba tk koper";"050/KK22227/TK2-02/19";"Biaya lomba 83 siswa Lomba menghias Sandal Porseni tk Kecamatan IGTKI Kab. Bandung @40.000";"3320000.00";"0.00";"111.22.111";"kas kecil tk koper"
"165";"2019-02-22";"112.28.111";"bdi a/n. ykki";"034/00640/BDIUM-02/19";"Storan Usaha Dana Koper (koperasi)";"3000000.00";"0.00";"219.21.111";"hutang lain2"
"166";"2019-02-22";"112.28.111";"bdi a/n. ykki";"035/00641/BDIUM-02/19";"Storan Penjualan koperasi bk cetak SD Koper TP.18-19";"36000.00";"0.00";"219.21.111";"hutang lain2"
"167";"2019-02-22";"112.35.111";"bank bca r/k.77";"021/00090/BCAUM-02/19";"Sewa lapangan Basket Mekar tgl 7,14,21 & 28 Mar'19 (pk.20.00 s/d 22.00 WIB)";"1000000.00";"0.00";"551.11.111";"Hadiah/vouch./persembhn natal"
"168";"2019-02-25";"112.28.111";"bdi a/n. ykki";"036/02884/BDIUM-02/19";"Honor Februari 2019 (PCM) Danamon";"0.00";"532741637.00";"620.11.111";"Gaji pegawai gabungan"
"169";"2019-02-25";"112.28.111";"bdi a/n. ykki";"037/00642/BDIUM-02/19";"tolakan gaji payroll feb'19";"1617812.00";"0.00";"620.11.111";"Gaji pegawai gabungan"
"170";"2019-02-25";"112.28.111";"bdi a/n. ykki";"038/00643/BDIUM-02/19";"cicilan pengemb. Beasiswa a.n.Sandy Aristamy dr tot.Rp.5.750.000 (10x)";"575000.00";"0.00";"691.19.111";"beasiswa guru/umum"
"171";"2019-02-25";"112.28.111";"bdi a/n. ykki";"039/00644/BDIUM-02/19";"Storan kantin MW Ho Liliana (Juli'18 s/ dJuni'19)";"1000000.00";"0.00";"521.13.111";"Sewa kantin mekar wangi"
"172";"2019-02-25";"112.35.111";"bank bca r/k.77";"022/00091/BCAUM-02/19";"Sewa lapangan Basket Mekar tgl 04,11,18 & 25 Mar'19 (pk.18.00 s/d 22.00 WIB)";"1000000.00";"0.00";"551.11.111";"Hadiah/vouch./persembhn natal"
"173";"2019-02-25";"112.35.111";"bank bca r/k.77";"023/00143/BCAUM-02/19";"Honor Februari 2019 (PCM + H.T. Pasundan) BCA";"0.00";"354203574.00";"620.11.111";"Gaji pegawai gabungan"
"174";"2019-02-25";"112.35.111";"bank bca r/k.77";"024/00144/BCAUM-02/19";"Honor Februari 2019, transfer via BCA karena ketolak via PCM Danamon ";"0.00";"1617812.00";"620.11.111";"Gaji pegawai gabungan"
"175";"2019-02-27";"112.28.111";"bdi a/n. ykki";"040/00645/BDIUM-02/19";"Pengemb.ke 1  Beasiswa a.n Yessy Pratanta dr tot. Rp.17.044.000 krn tdk diteruskan";"3160900.00";"0.00";"691.19.111";"beasiswa guru/umum"
"176";"2019-02-27";"112.28.111";"bdi a/n. ykki";"041/00646/BDIUM-02/19";"Storan Usaha dana MW (kantin)";"4000000.00";"0.00";"219.21.111";"hutang lain2"
"177";"2019-02-27";"112.28.111";"bdi a/n. ykki";"042/00647/BDIUM-02/19";"Storan Usaha dana MW (koperasi)";"1150000.00";"0.00";"219.21.111";"hutang lain2"
"178";"2019-02-27";"112.28.111";"bdi a/n. ykki";"043/02887/BDIUM-02/19";"Honor tunai Feb'19";"0.00";"32754800.00";"620.11.111";"Gaji pegawai gabungan"
"179";"2019-02-27";"112.28.111";"bdi a/n. ykki";"044/02890/BDIUM-02/19";"Konstruksi dalam pelaksaan SD TKI (reimburstman kas proyek tki 15-22Feb'19)";"0.00";"20777000.00";"118.54.111";"u.m kontruksi dlm pembang. tki"
"180";"2019-02-27";"112.28.111";"bdi a/n. ykki";"045/00648/BDIUM-02/19";"Pelajaran tambahan Sd Ciateul";"2100000.00";"0.00";"551.11.111";"Hadiah/vouch./persembhn natal"
"181";"2019-02-27";"112.28.111";"bdi a/n. ykki";"046/02888/BDIUM-02/19";"Pengamb. Adm 18-19 SMP koper (study tour kls VII & VIII)";"0.00";"4250000.00";"626.17.111";"Biaya adm smp koper"
"182";"2019-02-27";"112.28.111";"bdi a/n. ykki";"047/00649/BDIUM-02/19";"Storan Usaha Dana MW (foco)";"2172000.00";"0.00";"219.21.111";"hutang lain2"
"183";"2019-02-27";"112.28.111";"bdi a/n. ykki";"048/00650/BDIUM-02/19";"Storan Usaha Dana Koper (koperasi)";"823000.00";"0.00";"219.21.111";"hutang lain2"
"184";"2019-02-27";"112.28.111";"bdi a/n. ykki";"049/00651/BDIUM-02/19";"Storan Usaha Dana Koper (kontan)";"632000.00";"0.00";"219.21.111";"hutang lain2"
"185";"2019-02-27";"112.28.111";"bdi a/n. ykki";"050/00652/BDIUM-02/19";"Storan Usaha Dana Koper (konsinyasi)";"916500.00";"0.00";"219.21.111";"hutang lain2"
"186";"2019-02-27";"112.28.111";"bdi a/n. ykki";"051/00653/BDIUM-02/19";"Storan Usaha Dana Koper (foco)";"1378500.00";"0.00";"219.21.111";"hutang lain2"
"187";"2019-02-27";"112.28.111";"bdi a/n. ykki";"052/00654/BDIUM-02/19";"Pindah buku dr BDI VA Koper ke BDIumum";"115000000.00";"0.00";"112.32.112";"bdi virtual koper (3562373021)"
"188";"2019-02-27";"112.28.111";"bdi a/n. ykki";"053/00655/BDIUM-02/19";"Pindah buku dr BDI VA MW ke BDIumum";"185000000.00";"0.00";"112.32.114";"bdi virtual mw 93562375307)"
"189";"2019-02-27";"112.28.111";"bdi a/n. ykki";"054/00656/BDIUM-02/19";"Pindah buku dr BDI VA Ciateul ke BDIumum";"40000000.00";"0.00";"112.32.111";"bdi virtual Ctl(3562377469)"
"190";"2019-02-27";"112.28.111";"bdi a/n. ykki";"055/00657/BDIUM-02/19";"Pindah buku dr BDI VA TKI ke BDIumum";"25000000.00";"0.00";"112.32.113";"bdi tki (virtual account)"
"191";"2019-02-27";"112.28.111";"bdi a/n. ykki";"056/02885/BDIUM-02/19";"Pengem.VA SPP SD Koper ke SMP Koper (Jason Genesis Simatupang)";"0.00";"342500.00";"118.21.112";"piutang spp sd koper"
"192";"2019-02-27";"112.28.111";"bdi a/n. ykki";"057/02886/BDIUM-02/19";"Iuran YKKI bulan Des 2018 - Feb 2019";"0.00";"45000000.00";"651.11.111";"Iuran YKKI"
"193";"2019-02-27";"112.28.111";"bdi a/n. ykki";"058/00658/BDIUM-02/19";"Storan Usaha Dana Ciateul (koperasi)";"1630000.00";"0.00";"219.21.111";"hutang lain2"
"194";"2019-02-27";"112.28.111";"bdi a/n. ykki";"066/02889/BDIUM-02/19";"Reimbursment Kas SMP MW 29Jan s/d 22 Feb'19 (cek no. 510436)";"0.00";"9829500.00";"111.26.111";"kas kecil smp mekar wangi"
"195";"2019-02-27";"112.35.111";"bank bca r/k.77";"025A/00145/BCAUM-02/19";"Air Mineral RON 88 (gallon, cup, botol) TK Ciateul";"0.00";"338400.00";"621.11.112";"Air & gas & konsumsi tk ciateul"
"196";"2019-02-27";"112.35.111";"bank bca r/k.77";"025B/00145/BCAUM-02/19";"Air Mineral RON 88 (gallon, cup, botol) TK Koper";"0.00";"346700.00";"621.12.112";"Air & gas & konsumsi tk koper"
"197";"2019-02-27";"112.35.111";"bank bca r/k.77";"025C/00145/BCAUM-02/19";"Air Mineral RON 88 (gallon, cup, botol) TK TKI";"0.00";"199500.00";"621.13.112";"Air,gas & konsumsi tk tki"
"198";"2019-02-27";"112.35.111";"bank bca r/k.77";"025D/00145/BCAUM-02/19";"Air Mineral RON 88 (gallon, cup, botol) SD Ciateul";"0.00";"370500.00";"622.11.112";"Air,gas & konsumsi sd ciateul"
"199";"2019-02-27";"112.35.111";"bank bca r/k.77";"025E/00145/BCAUM-02/19";"Air Mineral RON 88 (gallon, cup, botol) SD Koper";"0.00";"570000.00";"622.12.112";"Air,gas & konsumsi sd koper"
"200";"2019-02-27";"112.35.111";"bank bca r/k.77";"025F/00145/BCAUM-02/19";"Air Mineral RON 88 (gallon, cup, botol) SD TKI";"0.00";"199500.00";"622.13.112";"Air,gas,konsumsi sd tki"
"201";"2019-02-27";"112.35.111";"bank bca r/k.77";"025G/00145/BCAUM-02/19";"Air Mineral RON 88 (gallon, cup, botol) SMP Mekar";"0.00";"404900.00";"623.11.112";"Air,gas & konsumsi smp mekar wangi"
"202";"2019-02-27";"112.35.111";"bank bca r/k.77";"025H/00145/BCAUM-02/19";"Air Mineral RON 88 (gallon, cup, botol) SMP Koper";"0.00";"437000.00";"623.12.112";"Air,gas & konsumsi smp koper"
"203";"2019-02-27";"112.35.111";"bank bca r/k.77";"025I/00145/BCAUM-02/19";"Air Mineral RON 88 (gallon, cup, botol) SMA Mekar";"0.00";"418000.00";"624.11.112";"Air,gas&,konsumsi sma"
"204";"2019-02-27";"112.35.111";"bank bca r/k.77";"025J/00145/BCAUM-02/19";"Air Mineral RON 88 (gallon, cup, botol) Yayasan";"0.00";"180500.00";"625.11.112";"Air,gas,konsums umum"
"205";"2019-02-27";"112.35.111";"bank bca r/k.77";"026/00146/BCAUM-02/19";"Pengemb. SPP TK TKI Agust - Okt 2018 a.n Gwen Genevieve Thalia 0677920180000691 (krn double transfer)";"0.00";"225000.00";"118.11.113";"piutang spp tk tki"
"206";"2019-02-27";"112.35.111";"bank bca r/k.77";"027/00147/BCAUM-02/19";"PENGEMB.KLEBIHAN TRANSF. SPP SMA JAN & FEB 2019 A/N MEYLINE DUMATIAR LUMBAN GAOL 0686220180002123";"0.00";"16200000.00";"118.41.111";"piutang spp sma mekar wangi"
"207";"2019-02-27";"112.35.111";"bank bca r/k.77";"028/00148/BCAUM-02/19";"1bh Printer HP Laser Jet Pro M 12W utk SMP Koper";"0.00";"1425000.00";"123.13.111";"inventaris koper"
"208";"2019-02-27";"112.35.111";"bank bca r/k.77";"029/00148/BCAUM-02/19";"Persembahan kasih utk GKKK Makassar ; Penahbisan Pdt. Yanto Anthonius Thomas, S.Th";"0.00";"500000.00";"625.11.116";"Sumbangan umum"
"209";"2019-02-28";"112.15.111";"deposito";"001/DP-02/19";"BUNGA DEPOSITO BLN FEB 19";"16306850.00";"0.00";"541.12.111";"Bunga deposito"
"210";"2019-02-28";"112.33.111";"bank btpn";"001/BTPN-02/19";"BUNGA DEPOSITO YG CAIR BLN FEB 19";"16306850.00";"0.00";"112.15.111";"deposito"
"211";"2019-02-28";"112.33.111";"bank btpn";"002/BTPN-02/19";"BUNGA BTPN BLN FEB 19";"820142.00";"0.00";"541.11.111";"Bunga bank"
"212";"2019-02-28";"541.11.111";"Bunga bank";"003/BTPN-02/19";"PAJAK BUNGA BTPN BLN FEB 19";"164028.00";"0.00";"112.33.111";"bank btpn"
"213";"2019-02-28";"620.11.111";"Gaji pegawai gabungan";"001/PIUK-02/19";"PIUT KARYAWAN YANG DIPOT. DR GAJI BLN FEB 19";"26965000.00";"0.00";"117.15.111";"piutg kary & pegawai"
"214";"2019-02-28";"871.11.111";"Biaya listrik tk ciateul";"001/BDICTL-02/19";"BI. LISTRIK TK/SD CTL BLN FEB 19";"1898260.00";"0.00";"112.32.111";"bdi virtual Ctl(3562377469)"
"215";"2019-02-28";"831.11.111";"Biaya telepon tk ciateul";"002/BDICTL-02/19";"BI. TELEPON TK CTL BLN FEB 19";"95242.00";"0.00";"112.32.111";"bdi virtual Ctl(3562377469)"
"216";"2019-02-28";"831.14.111";"Biaya telepon sd ciateul";"003/BDICTL-02/19";"BI. TELEPON SD CTL BLN FEB 19";"80161.00";"0.00";"112.32.111";"bdi virtual Ctl(3562377469)"
"217";"2019-02-28";"112.32.111";"bdi virtual Ctl(3562377469)";"004/BDICTL-02/19";"BUNGA BANK BDI CTL BLN FEB 19";"11875.03";"0.00";"541.11.111";"Bunga bank"
"218";"2019-02-28";"871.18.111";"Biaya listrik sma";"001/BDIMW-02/19";"BI. LISTRIK SMA BLN FEB 2019";"4452360.00";"0.00";"112.32.114";"bdi virtual mw 93562375307)"
"219";"2019-02-28";"831.16.111";"Biaya telepon smp mekar wangi";"002/BDIMW-02/19";"BI. TELEPON SMP MEKAR BLN FEB 2019";"188739.00";"0.00";"112.32.114";"bdi virtual mw 93562375307)"
"220";"2019-02-28";"831.18.111";"Biaya telepon sma";"003/BDIMW-02/19";"BI. TELEPON SMA BLN FEB 2019";"249830.00";"0.00";"112.32.114";"bdi virtual mw 93562375307)"
"221";"2019-02-28";"831.19.111";"Biaya telepon umum";"004/BDIMW-02/19";"BI. TELEPON UMUM BLN FEB 2019";"223441.00";"0.00";"112.32.114";"bdi virtual mw 93562375307)"
"222";"2019-02-28";"112.32.114";"bdi virtual mw 93562375307)";"005/BDIMW-02/19";"BUNGA BANK BDI VA MW BLN FEB 2019";"33732.66";"0.00";"541.11.111";"Bunga bank"
"223";"2019-02-28";"871.15.111";"Biaya listrik sd koper";"001/BDIKOP-02/19";"BI. LISTRIK SD KOPER BLN FEB 2019";"2411330.00";"0.00";"112.32.112";"bdi virtual koper (3562373021)"
"224";"2019-02-28";"871.17.111";"Biaya listrik smp koper";"002/BDIKOP-02/19";"BI. LISTRIK SMP KOPER BLN FEB 2019";"1908600.00";"0.00";"112.32.112";"bdi virtual koper (3562373021)"
"225";"2019-02-28";"831.12.111";"Biaya telepon tk koper";"003/BDIKOP-02/19";"BI. TELEPON TK KOPER BLN FEB 2019";"296449.00";"0.00";"112.32.112";"bdi virtual koper (3562373021)"
"226";"2019-02-28";"831.15.111";"Biaya telepon sd koper";"004/BDIKOP-02/19";"BI. TELEPON SD KOPER BLN FEB 2019";"128421.00";"0.00";"112.32.112";"bdi virtual koper (3562373021)"
"227";"2019-02-28";"831.17.111";"Biaya telepon smp koper";"005/BDIKOP-02/19";"BI. TELEPON SMP KOPER BLN FEB 2019";"628640.00";"0.00";"112.32.112";"bdi virtual koper (3562373021)"
"228";"2019-02-28";"112.32.112";"bdi virtual koper (3562373021)";"006/BDIKOP-02/19";"BUNGA BANK BDI KOP BLN FEB 2019";"35809.23";"0.00";"541.11.111";"Bunga bank"
"229";"2019-02-28";"871.15.112";"Biaya listrik sd tki";"001/BDITKI-02/19";"BI. LISTRIK TK/SD TKI BLN FEB 2019";"1724154.00";"0.00";"112.32.113";"bdi tki (virtual account)"
"230";"2019-02-28";"831.13.111";"Biaya telepon tki";"002/BDITKI-02/19";"BI. TELEPON TK TKI BLN FEB 2019";"498716.00";"0.00";"112.32.113";"bdi tki (virtual account)"
"231";"2019-02-28";"112.32.113";"bdi tki (virtual account)";"003/BDITKI-02/19";"BUNGA BANK BDI TKI BLN FEB 2019";"7851.68";"0.00";"541.11.111";"Bunga bank"
"232";"2019-02-28";"541.11.111";"Bunga bank";"001/BCACTL-02/19";"BI. ADMIN BCA VA CTL BLN FEB 2019";"30000.00";"0.00";"112.36.111";"bank bca va ciateul"
"233";"2019-02-28";"112.36.114";"bank bca va mw";"001/BCAMW-02/19";"FORMULIR SMP MW TP 18-19 BLN FEB 2019";"200000.00";"0.00";"486.16.111";"Uang formulir smp mekar wangi"
"234";"2019-02-28";"541.11.111";"Bunga bank";"002/BCAMW-02/19";"BI. ADMIN BCA VA MW BLN FEB 2019";"30000.00";"0.00";"112.36.114";"bank bca va mw"
"235";"2019-02-28";"112.36.112";"bank bca va koper";"001/BCAKOP-02/19";"SETORAN FEB 19 YG BLM DIAKUI UNIT";"3000000.00";"0.00";"219.21.111";"hutang lain2"
"236";"2019-02-28";"541.11.111";"Bunga bank";"002/BCAKOP-02/19";"BI. ADMIN BCA VA KOP  BLN FEB 2019";"30000.00";"0.00";"112.36.112";"bank bca va koper"
"237";"2019-02-28";"541.11.111";"Bunga bank";"001/BCATKI-02/19";"BI. ADM BCA VA TKI BLN FEB 2019";"30000.00";"0.00";"112.36.113";"bank bca va tki"
"238";"2019-02-28";"118.11.111";"piutang spp tk ciateul";"01/001-02/19";"US FEB 19 TK CTL";"38856250.00";"0.00";"411.11.111";"SPP tk ciateul"
"239";"2019-02-28";"118.11.111";"piutang spp tk ciateul";"01/002-02/19";"PEMBYRN PIU.US TK CTL FEB 19 (BDI CTL)";"0.00";"24287750.00";"112.32.111";"bdi virtual Ctl(3562377469)"
"240";"2019-02-28";"415.11.111";"u.adm tk ciateul";"01/003-02/19";"PEMBYRN ADM + EKSKUL + KOMP TK CTL BLN FEB 19 (BDI CTL)";"0.00";"4208750.00";"112.32.111";"bdi virtual Ctl(3562377469)"
"241";"2019-02-28";"119.11.111";"piutang up tk ciateul";"01/004-02/19";"PEMBYRN PIU.UP TK CTL BLN FEB 19 (BCA CTL)";"0.00";"277750.00";"112.36.111";"bank bca va ciateul"
"242";"2019-02-28";"118.11.111";"piutang spp tk ciateul";"01/005-02/19";"PEMBYRN PIU.US TK CTL BLN FEB 19 (BCA CTL)";"0.00";"11886250.00";"112.36.111";"bank bca va ciateul"
"243";"2019-02-28";"415.11.111";"u.adm tk ciateul";"01/006-02/19";"PEMBYRN ADM + EKSKUL  TK CTL BLN FEB 19 (BCA CTL)";"0.00";"847713.00";"112.36.111";"bank bca va ciateul"
"244";"2019-02-28";"406.11.111";"UP bayar dimuka tk ciateul";"01/007-02/19";"UM UP TP. 19-20 TK CTL BLN FEB 19 (BCA CTL)";"0.00";"1000000.00";"112.36.111";"bank bca va ciateul"
"245";"2019-02-28";"118.11.112";"piutang spp tk koper";"02/001-02/19";"US FEB 19 TK KOPER";"60778750.00";"0.00";"411.12.111";"SPP tk koper"
"246";"2019-02-28";"118.11.112";"piutang spp tk koper";"02/002-02/19";"PEMBYRN PIU.US TK KOPER FEB 19 (BDI KOP)";"0.00";"33547500.00";"112.32.112";"bdi virtual koper (3562373021)"
"247";"2019-02-28";"415.12.111";"u.adm. tk koper";"02/003-02/19";"PEMBYRN ADMIN + EKSKUL TK KOPER FEB 19 (BDI KOP)";"0.00";"3640000.00";"112.32.112";"bdi virtual koper (3562373021)"
"248";"2019-02-28";"118.11.112";"piutang spp tk koper";"02/004-02/19";"PEMBYRN PIU.US TK KOPER FEB 19 (BCA KOP)";"0.00";"27164815.00";"112.36.112";"bank bca va koper"
"249";"2019-02-28";"415.12.111";"u.adm. tk koper";"02/005-02/19";"PEMBYRN ADMIN + EKSKUL 18-19 TK KOPER FEB 19 (BCA KOP)";"0.00";"2885000.00";"112.36.112";"bank bca va koper"
"250";"2019-02-28";"118.11.113";"piutang spp tk tki";"03/001-02/19";"US FEB 19 TK TKI";"34986300.00";"0.00";"411.13.111";"SPP tk tki"
"251";"2019-02-28";"118.11.113";"piutang spp tk tki";"03/002-02/19";"PEMBYRN PIU.US TK TKI BLN FEB 19 (BCA TKI)";"0.00";"8912500.00";"112.36.113";"bank bca va tki"
"252";"2019-02-28";"118.11.113";"piutang spp tk tki";"03/003-02/19";"PEMBYRN PIU.US TK TKI BLN FEB 19 (BDI TKI)";"0.00";"17265000.00";"112.32.113";"bdi tki (virtual account)"
"253";"2019-02-28";"415.13.111";"u.adm. tk tki";"03/004-02/19";"PEMBYRN EKSKUL 18-19 TK TKI BLN FEB 19 (BDI TKI)";"0.00";"650000.00";"112.32.113";"bdi tki (virtual account)"
"254";"2019-02-28";"118.21.111";"piutang spp sd ciateul";"04/001-02/19";"US FEB 19 SD CTL";"113025500.00";"0.00";"412.11.111";"SPP sd ciateul"
"255";"2019-02-28";"118.21.111";"piutang spp sd ciateul";"04/002-02/19";"BEASISWA SD CTL BLN FEB 19";"0.00";"6160000.00";"691.14.111";"beasiswa sd ctl"
"256";"2019-02-28";"118.21.111";"piutang spp sd ciateul";"04/003-02/19";"PEMBYRN PIU.US TP. SBLM 17-18 SD CTL FEB 19 (BDI CTL)";"0.00";"1000000.00";"112.32.111";"bdi virtual Ctl(3562377469)"
"257";"2019-02-28";"118.21.111";"piutang spp sd ciateul";"04/004-02/19";"PEMBYRN PIU.US TP. 17-18 SD CTL FEB 19 (BDI CTL)";"0.00";"1307000.00";"112.32.111";"bdi virtual Ctl(3562377469)"
"258";"2019-02-28";"118.21.111";"piutang spp sd ciateul";"04/005-02/19";"PEMBYRN PIU.US SD CTL FEB 19 (BCA CTL)";"0.00";"18530000.00";"112.36.111";"bank bca va ciateul"
"259";"2019-02-28";"118.21.111";"piutang spp sd ciateul";"04/006-02/19";"PEMBYRN PIU.US SD CTL FEB 19 (BDI CTL)";"0.00";"99432500.00";"112.32.111";"bdi virtual Ctl(3562377469)"
"260";"2019-02-28";"415.14.111";"u.adm. sd ciateul";"04/007-02/19";"EKSKUL.18-19 SD CTL FEB 19 (BCA CTL)";"0.00";"3330000.00";"112.36.111";"bank bca va ciateul"
"261";"2019-02-28";"415.14.111";"u.adm. sd ciateul";"04/008-02/19";"ADM + EKSKUL + KOMP TP 18-19 SD CTL FEB 19 (BDI CTL)";"0.00";"11735000.00";"112.32.111";"bdi virtual Ctl(3562377469)"
"262";"2019-02-28";"119.51.114";"piutang ups sd ciateul";"04/009-02/19";"PEMBYRN UPS SD CTL FEB 19 (BDI CTL)";"0.00";"435000.00";"112.32.111";"bdi virtual Ctl(3562377469)"
"263";"2019-02-28";"407.11.111";"UP bayar dimuka sd ctl";"04/010-02/19";"UP 19-20 SD CTL BLN FEB 19";"0.00";"2000000.00";"112.36.111";"bank bca va ciateul"
"264";"2019-02-28";"118.21.112";"piutang spp sd koper";"05/001-02/19";"US 18-19 SD KOPER BLN FEB 19";"190236250.00";"0.00";"412.12.111";"SPP sd koper"
"265";"2019-02-28";"119.21.112";"piutang up sd koper";"05/002-02/19";"PEMBAYARAN UP SD KOPER BLN FEB 19 (BCA VA)";"0.00";"13275000.00";"112.36.112";"bank bca va koper"
"266";"2019-02-28";"118.21.112";"piutang spp sd koper";"05/003-02/19";"PEMBAYARAN US SD KOPER BLN FEB 19 (BCA VA)";"0.00";"29280497.00";"112.36.112";"bank bca va koper"
"267";"2019-02-28";"415.15.111";"u.adm. sd koper";"05/004-02/19";"PEMBAYARAN ADM + EKSKUL + KOMP 18-19 SD KOPER FEB 19 (BCA VA)";"0.00";"195000.00";"112.36.112";"bank bca va koper"
"268";"2019-02-28";"118.21.112";"piutang spp sd koper";"05/005-02/19";"BEASISWA SD KOPER BLN FEB 19";"0.00";"7410000.00";"691.15.111";"beasiswa sd koper"
"269";"2019-02-28";"118.21.112";"piutang spp sd koper";"05/006-02/19";"PEMBYRN PIU.US SD KOPER FEB 19 (BDI KOP)";"0.00";"155937500.00";"112.32.112";"bdi virtual koper (3562373021)"
"270";"2019-02-28";"118.21.112";"piutang spp sd koper";"05/007-02/19";"PEMBYRN US 17-18 SD KOPER BLN FEB 19 (BDI KOP)";"0.00";"342500.00";"112.32.112";"bdi virtual koper (3562373021)"
"271";"2019-02-28";"415.15.111";"u.adm. sd koper";"05/008-02/19";"PEMBYRN ADM + EKSKUL + KOMP 18-19 SD KOPER FEB 19 (BDI KOPER)";"0.00";"15050000.00";"112.32.112";"bdi virtual koper (3562373021)"
"272";"2019-02-28";"119.51.115";"piutang ups sd koper";"05/009-02/19";"PEMBYRN PIU.UPS SD KOPER BLN FEB 19 (BDI KOPER)";"0.00";"275000.00";"112.32.112";"bdi virtual koper (3562373021)"
"273";"2019-02-28";"407.12.111";"UP bayar dimuka sd koper";"05/010-02/19";"FORMULIR 19-20 SD KOPER BLN FEB 19";"0.00";"1600000.00";"112.36.112";"bank bca va koper"
"274";"2019-02-28";"407.12.111";"UP bayar dimuka sd koper";"05/011-02/19";"UP 19-20 SD KOPER BLN FEB 19";"0.00";"20000000.00";"112.36.112";"bank bca va koper"
"275";"2019-02-28";"118.21.113";"piutang spp sd tki";"10/001-02/19";"US FEB 19 SD TKI";"84582250.00";"0.00";"412.13.111";"SPP sd tki"
"276";"2019-02-28";"118.21.113";"piutang spp sd tki";"10/002-02/19";"BEASISWA SD TKI BLN FEB 19";"0.00";"2725000.00";"691.15.112";"beasiswa sd tki"
"277";"2019-02-28";"118.21.113";"piutang spp sd tki";"10/003-02/19";"PEMBYRN PIU.US BLN FEB 19 SD TKI (BDI TKI)";"0.00";"65341250.00";"112.32.113";"bdi tki (virtual account)"
"278";"2019-02-28";"119.51.119";"piutang ups sd tki";"10/004-02/19";"PEMBYRN UPS SD TKI BLN FEB 19 (BDI TKI)";"0.00";"420000.00";"112.32.113";"bdi tki (virtual account)"
"279";"2019-02-28";"472.13.111";"u.adm sd tki";"10/005-02/19";"PEMBYRN ADM + EKSKUL  SD TKI TP 17-18 BLN FEB 19 (BDI TKI)";"0.00";"340000.00";"112.32.113";"bdi tki (virtual account)"
"280";"2019-02-28";"118.21.113";"piutang spp sd tki";"10/006-02/19";"PEMBYRN PIU.US 17-18 BLN FEB 19 SD TKI (BDI TKI)";"0.00";"1730000.00";"112.32.113";"bdi tki (virtual account)"
"281";"2019-02-28";"119.21.113";"piutang up sd tki";"10/007-02/19";"PEMBYRN PIU.UP 17-18 BLN FEB 19 SD TKI (BDI TKI)";"0.00";"510000.00";"112.32.113";"bdi tki (virtual account)"
"282";"2019-02-28";"415.19.111";"u.adm. sd tki";"10/008-02/19";"PEMBYRN ADM + EKSKUL + KOMP SD TKI FEB 19 (BDI TKI)";"0.00";"15015000.00";"112.32.113";"bdi tki (virtual account)"
"283";"2019-02-28";"118.21.113";"piutang spp sd tki";"10/009-02/19";"PEMBYRN PIU.US SD TKI BLN FEB 19 (BCA TKI)";"0.00";"12390000.00";"112.36.113";"bank bca va tki"
"284";"2019-02-28";"415.19.111";"u.adm. sd tki";"10/010-02/19";"PEMBYRN EKSKUL 18-19 SD TKI BLN FEB 19 (BCA TKI)";"0.00";"2970000.00";"112.36.113";"bank bca va tki"
"285";"2019-02-28";"118.31.111";"piutang spp smp mekar wangi";"06/001-02/19";"US FEB 19 SMP MW";"106860000.00";"0.00";"413.11.111";"SPP smp ciateul"
"286";"2019-02-28";"118.31.111";"piutang spp smp mekar wangi";"06/002-02/19";"US MURID MASUK SMP MW FEB 19";"387500.00";"0.00";"413.11.111";"SPP smp ciateul"
"287";"2019-02-28";"119.31.111";"piutang up smp mekar wangi";"06/003-02/19";"UP MURID MASUK SMP MW BLN FEB 19";"3000000.00";"0.00";"443.11.111";"UP smp mekar wangi"
"288";"2019-02-28";"118.31.111";"piutang spp smp mekar wangi";"06/004-02/19";"BEASISWA SMP MW FEB 19";"0.00";"3671500.00";"691.16.111";"beasiswa smp ctl"
"289";"2019-02-28";"118.31.111";"piutang spp smp mekar wangi";"06/005-02/19";"PEMBYRN PIU.US SMP MW BLN FEB 19 (BDI MW)";"0.00";"63705625.00";"112.32.114";"bdi virtual mw 93562375307)"
"290";"2019-02-28";"118.31.111";"piutang spp smp mekar wangi";"06/006-02/19";"PEMBYRN PIU.US SBLM TP 18-19 SMP MW FEB 19 (BDI MW)";"0.00";"180000.00";"112.32.114";"bdi virtual mw 93562375307)"
"291";"2019-02-28";"415.16.111";"u.adm. smp mekar wangi";"06/007-02/19";"PEMBYRN ADM + KOMP SMP MW (BDI MW)";"0.00";"200000.00";"112.32.114";"bdi virtual mw 93562375307)"
"292";"2019-02-28";"415.16.111";"u.adm. smp mekar wangi";"06/008-02/19";"PEMBYRN ADM + KOMP 18-19 SMP MW (BCA MW)";"0.00";"1325000.00";"112.36.114";"bank bca va mw"
"293";"2019-02-28";"118.31.111";"piutang spp smp mekar wangi";"06/009-02/19";"PEMBYRN PIU.US SMP MW BLN FEB 19 (BCA MW)";"0.00";"44470000.00";"112.36.114";"bank bca va mw"
"294";"2019-02-28";"119.31.111";"piutang up smp mekar wangi";"06/010-02/19";"PEMBYRN PIU.UP SMP MW BLN FEB 19 (BCA MW)";"0.00";"3000000.00";"112.36.114";"bank bca va mw"
"295";"2019-02-28";"408.11.111";"UP bayar dimuka smp mekar wangi";"06/011-02/19";"SUMBANGAN SMP MW BLN FEB 19 (BCA MW)";"0.00";"100000.00";"112.36.114";"bank bca va mw"
"296";"2019-02-28";"118.31.112";"piutang spp smp koper";"07/001-02/19";"US FEB 19 SMP KOPER";"157874375.00";"0.00";"413.12.111";"SPP smp koper"
"297";"2019-02-28";"118.31.112";"piutang spp smp koper";"07/002-02/19";"BEASISWA SMP KOPER BLN FEB 19";"0.00";"6468750.00";"691.17.111";"beasiswa smp koper"
"298";"2019-02-28";"118.31.112";"piutang spp smp koper";"07/003-02/19";"PEMBYRN PIU.US 17-18 SMP KOPER BLN FEB 19 (BDI KOPER)";"0.00";"1262000.00";"112.32.112";"bdi virtual koper (3562373021)"
"299";"2019-02-28";"118.31.112";"piutang spp smp koper";"07/004-02/19";"PEMBYRN PIU.US SMP KOPER BLN FEB 19 (BDI KOPER)";"0.00";"133021250.00";"112.32.112";"bdi virtual koper (3562373021)"
"300";"2019-02-28";"415.17.111";"u.adm smp koper";"07/005-02/19";"ADM + KOMP 18-19 SMP KOPER FEB 19 (BDI KOPER)";"0.00";"9907500.00";"112.32.112";"bdi virtual koper (3562373021)"
"301";"2019-02-28";"118.31.112";"piutang spp smp koper";"07/006-02/19";"PEMBYRN PIU.US SMP KOPER FEB 19 (BCA KOPER)";"0.00";"47438000.00";"112.36.112";"bank bca va koper"
"302";"2019-02-28";"408.12.111";"UP bayar dimuka smp koper";"07/007-02/19";"UM UP 19-20 SMP KOPER BLN FEB 19";"0.00";"8450000.00";"112.36.112";"bank bca va koper"
"303";"2019-02-28";"118.41.111";"piutang spp sma mekar wangi";"08/001-02/19";"US FEB 19 SMA";"299500000.00";"0.00";"414.11.111";"SPP sma ciateul"
"304";"2019-02-28";"118.41.111";"piutang spp sma mekar wangi";"08/002-02/19";"BEASISWA SMA BLN FEB 19";"0.00";"17210000.00";"691.18.111";"beasiswa sma"
"305";"2019-02-28";"119.41.111";"piutang up sma mekar wangi";"08/003-02/19";"PEMBYRN PIU.UP TA. SBLM 18-19 SMA FEB 19 (BDI MW)";"0.00";"1270000.00";"112.32.114";"bdi virtual mw 93562375307)"
"306";"2019-02-28";"118.41.111";"piutang spp sma mekar wangi";"08/004-02/19";"PEMBYRN PIU.US TA. SBLM 18-19 SMA FEB 19 (BDI MW)";"0.00";"9432000.00";"112.32.114";"bdi virtual mw 93562375307)"
"307";"2019-02-28";"118.41.111";"piutang spp sma mekar wangi";"08/005-02/19";"PEMBYRN PIU.US SMA FEB 19 (BDI MW)";"0.00";"248644950.00";"112.32.114";"bdi virtual mw 93562375307)"
"308";"2019-02-28";"415.18.111";"u. adm sma mekar wangi";"08/006-02/19";"ADM.18-19 SMA FEB 19 (BDI MW)";"0.00";"19718750.00";"112.32.114";"bdi virtual mw 93562375307)"
"309";"2019-02-28";"119.41.111";"piutang up sma mekar wangi";"08/007-02/19";"PEMBYRAN PIU. UP SMA JAN 19 (BCA MW)";"0.00";"2270000.00";"112.36.114";"bank bca va mw"
"310";"2019-02-28";"118.41.111";"piutang spp sma mekar wangi";"08/008-02/19";"PEMBYRAN PIU. US SMA JAN 19 (BCA MW)";"0.00";"118212500.00";"112.36.114";"bank bca va mw"
"311";"2019-02-28";"409.11.111";"UP bayar dimuka sma mekar wangi";"08/009-02/19";"FORMULIR 19-20 SMA BLN FEB 19";"0.00";"400000.00";"112.36.114";"bank bca va mw"
"312";"2019-02-28";"112.34.111";"bank mandiri";"003/00000/MAND-02/19";" ADM BULANAN FEB 2019";"0.00";"17000.00";"541.11.111";"Bunga bank"
"313";"2019-02-28";"112.34.111";"bank mandiri";"004/00000/MAND-02/19";" BUNGA BANK MANDIRI FEB 2019";"12324.09";"0.00";"541.11.111";"Bunga bank"
"314";"2019-02-28";"112.34.111";"bank mandiri";"005/00000/MAND-02/19";" PAJAK BANK MANDIRI FEB 2019";"0.00";"2464.82";"541.11.111";"Bunga bank"
"315";"2019-02-28";"112.28.111";"bdi a/n. ykki";"059/00649/BDIUM-02/19";"Pengemb.ke 2 (pelunasan) Beasiswa a.n Yessy Pratanta dr tot. Rp.17.044.000 krn tdk diteruskan";"13883100.00";"0.00";"691.19.111";"beasiswa guru/umum"
"316";"2019-02-28";"112.28.111";"bdi a/n. ykki";"060/00660/BDIUM-02/19";"Pelajaran tambahan SD Koper";"1800000.00";"0.00";"551.11.111";"Hadiah/vouch./persembhn natal"
"317";"2019-02-28";"112.28.111";"bdi a/n. ykki";"061/00661/BDIUM-02/19";"Storan Usaha Dana SD TKI (koperasi)";"961000.00";"0.00";"219.21.111";"hutang lain2"
"318";"2019-02-28";"112.28.111";"bdi a/n. ykki";"062/00662/BDIUM-02/19";"Storan Usaha Dana TK TKI (koperasi)";"24000.00";"0.00";"219.21.111";"hutang lain2"
"319";"2019-02-28";"112.28.111";"bdi a/n. ykki";"063/00663/BDIUM-02/19";"Storan Usaha Dana TK Ciateul (koperasi)";"771000.00";"0.00";"219.21.111";"hutang lain2"
"320";"2019-02-28";"112.28.111";"bdi a/n. ykki";"065/00000/BDIUM-02/19";"Pajak bunga BDI Umum bln Feb 19";"0.00";"52999.82";"541.11.111";"Bunga bank"
"321";"2019-02-28";"112.37.111";"rek.bca ykki no.6765047017";"001/BCA02-02/19";"SETORAN UNTUK KEROHANIAN";"19475000.00";"0.00";"219.21.111";"hutang lain2"
"322";"2019-02-28";"112.37.111";"rek.bca ykki no.6765047017";"002/BCA02-02/19";"PENGELUARAN KEROHANIAN (BANTUAN DIAKONIA)";"0.00";"12275000.00";"219.21.111";"hutang lain2"
"323";"2019-02-28";"112.37.111";"rek.bca ykki no.6765047017";"003/BCA02-02/19";"TITIPAN U/ PERPISAHAN KLS XII FEB 19";"500000.00";"0.00";"219.21.111";"hutang lain2"
"324";"2019-02-28";"112.37.111";"rek.bca ykki no.6765047017";"004/BCA02-02/19";"BIAYA ADMIN BCA SUMB BLN JAN 19";"0.00";"30000.00";"541.11.111";"Bunga bank"
"325";"2019-02-28";"112.35.111";"bank bca r/k.77";"030/00000/BCAUM-02/19";"Biaya admin BCA Umum bln Feb 19";"0.00";"30000.00";"541.11.111";"Bunga bank"
"326";"2019-02-28";"626.16.111";"Biaya adm smp mw";"001/KA601117/SMP1-02/19";"Photo copy keperluan osis";"1600.00";"0.00";"111.26.111";"kas kecil smp mekar wangi"
"327";"2019-02-28";"626.16.111";"Biaya adm smp mw";"002/KA601117/SMP1-02/19";"Prak bio: tahu, tempe, mentega, telur, pisang, roti + parkir";"23000.00";"0.00";"111.26.111";"kas kecil smp mekar wangi"
"328";"2019-02-28";"626.16.111";"Biaya adm smp mw";"003/KA601117/SMP1-02/19";"Prak kimia: kunyit";"10000.00";"0.00";"111.26.111";"kas kecil smp mekar wangi"
"329";"2019-02-28";"626.16.111";"Biaya adm smp mw";"004/KA601117/SMP1-02/19";"Photo copy soal agama";"9200.00";"0.00";"111.26.111";"kas kecil smp mekar wangi"
"330";"2019-02-28";"626.16.111";"Biaya adm smp mw";"005/KA601118/SMP1-02/19";"1bh buku pemantapan ujian";"45000.00";"0.00";"111.26.111";"kas kecil smp mekar wangi"
"331";"2019-02-28";"626.16.111";"Biaya adm smp mw";"006/KA601119/SMP1-02/19";"8 kok second";"200000.00";"0.00";"111.26.111";"kas kecil smp mekar wangi"
"332";"2019-02-28";"626.16.111";"Biaya adm smp mw";"007/KA601120/SMP1-02/19";"6bh buku HSK lv 1-6 + ongkir";"683000.00";"0.00";"111.26.111";"kas kecil smp mekar wangi"
"333";"2019-02-28";"626.16.111";"Biaya adm smp mw";"008/KA601121/SMP1-02/19";"Buku detik-detik UN";"54000.00";"0.00";"111.26.111";"kas kecil smp mekar wangi"
"334";"2019-02-28";"626.16.111";"Biaya adm smp mw";"009/KA601122/SMP1-02/19";"Photo copy soal";"2054400.00";"0.00";"111.26.111";"kas kecil smp mekar wangi"
"335";"2019-02-28";"626.16.111";"Biaya adm smp mw";"010/KA601122/SMP1-02/19";"Biaya kegiatan imlek";"1513400.00";"0.00";"111.26.111";"kas kecil smp mekar wangi"
"336";"2019-02-28";"713.16.111";"Biaya pemel. bangunan  smp mekar wangi";"011/KK61588/SMP1-02/19";"Pipa, T, dll untuk WC lt 2";"56000.00";"0.00";"111.26.111";"kas kecil smp mekar wangi"
"337";"2019-02-28";"871.16.111";"Biaya listrik smp ciateul";"012/KK61588/SMP1-02/19";"Listrik SMP";"527800.00";"0.00";"111.26.111";"kas kecil smp mekar wangi"
"338";"2019-02-28";"623.11.112";"Air,gas & konsumsi smp mekar wangi";"013/KK61589/SMP1-02/19";"Konsumsi pegawai bulan Februari 2019";"50000.00";"0.00";"111.26.111";"kas kecil smp mekar wangi"
"339";"2019-02-28";"623.11.117";"Alat tulis kantor smp mekar wangi";"014/KK61589/SMP1-02/19";"Jilid 12 buku kerja kurikulum";"58500.00";"0.00";"111.26.111";"kas kecil smp mekar wangi"
"340";"2019-02-28";"871.16.111";"Biaya listrik smp ciateul";"015/KK61589/SMP1-02/19";"Listrik SMP";"1002800.00";"0.00";"111.26.111";"kas kecil smp mekar wangi"
"341";"2019-02-28";"623.11.121";"Perlengk. bang. smp mekar wangi";"016/KK61590/SMP1-02/19";"6bh baterai untuk parfum WC";"149000.00";"0.00";"111.26.111";"kas kecil smp mekar wangi"
"342";"2019-02-28";"713.16.111";"Biaya pemel. bangunan  smp mekar wangi";"017/KK61591/SMP1-02/19";"Dishwash dan karbol";"100000.00";"0.00";"111.26.111";"kas kecil smp mekar wangi"
"343";"2019-02-28";"713.16.111";"Biaya pemel. bangunan  smp mekar wangi";"018/KK61591/SMP1-02/19";"Stop kontak dan steker untuk ruang komp UNBK";"20000.00";"0.00";"111.26.111";"kas kecil smp mekar wangi"
"344";"2019-02-28";"871.16.111";"Biaya listrik smp ciateul";"019/KK61591/SMP1-02/19";"Listrik SMP";"1000000.00";"0.00";"111.26.111";"kas kecil smp mekar wangi"
"345";"2019-02-28";"713.16.111";"Biaya pemel. bangunan  smp mekar wangi";"020/KK61592/SMP1-02/19";"10l blue boy";"70000.00";"0.00";"111.26.111";"kas kecil smp mekar wangi"
"346";"2019-02-28";"831.16.111";"Biaya telepon smp mekar wangi";"021/KK61592/SMP1-02/19";"Biaya internet bulan Februari 2019";"418000.00";"0.00";"111.26.111";"kas kecil smp mekar wangi"
"347";"2019-02-28";"623.11.121";"Perlengk. bang. smp mekar wangi";"022/KK61592/SMP1-02/19";"Plastik sampah";"100000.00";"0.00";"111.26.111";"kas kecil smp mekar wangi"
"348";"2019-02-28";"623.11.111";"Iuran, sampah & dinas smp mekar wangi";"023/KK61593/SMP1-02/19";"Pengurusan mutasi anak ke dinas";"100000.00";"0.00";"111.26.111";"kas kecil smp mekar wangi"
"349";"2019-02-28";"871.16.111";"Biaya listrik smp ciateul";"024/KK61594/SMP1-02/19";"Listrik SMP";"257800.00";"0.00";"111.26.111";"kas kecil smp mekar wangi"
"350";"2019-02-28";"851.16.111";"Perjln dinas smp mekar wangi";"025/KK61595/SMP1-02/19";"Uang perjalanan dinas sosialisasi UASBN dan UNBK";"25000.00";"0.00";"111.26.111";"kas kecil smp mekar wangi"
"351";"2019-02-28";"681.16.111";"Kebaktian/rapat/seminar smp mekar wangi";"026/KK61595/SMP1-02/19";"Sosialisasi UASBN dan UNBK SMP 2019";"100000.00";"0.00";"111.26.111";"kas kecil smp mekar wangi"
"352";"2019-02-28";"623.11.119";"Biaya lomba smp mekar wangi";"027/KK61596/SMP1-02/19";"Pendaftaran BWU Mini Competition 3";"100000.00";"0.00";"111.26.111";"kas kecil smp mekar wangi"
"353";"2019-02-28";"871.16.111";"Biaya listrik smp ciateul";"028/KK61596/SMP1-02/19";"Listrik SMP";"1001000.00";"0.00";"111.26.111";"kas kecil smp mekar wangi"
"354";"2019-02-28";"623.11.119";"Biaya lomba smp mekar wangi";"029/KK61597/SMP1-02/19";"Pendaftaran 1 team xtremepong";"100000.00";"0.00";"111.26.111";"kas kecil smp mekar wangi"
"355";"2019-02-28";"112.28.111";"bdi a/n. ykki";"064/00000/BDIUM-02/19";"Bunga BDI Umum bln FEB 19";"264999.09";"0.00";"541.11.111";"Bunga bank"
"356";"2019-02-28";"118.31.112";"piutang spp smp koper";"07/008-02/19";"PEMBULATAN SPP TP 17-18 BLN FEB 2019";"250.00";"0.00";"811.11.111";"Selisih +/-"
"357";"2019-02-28";"472.11.111";"u.adm sd ctl";"04/011-02/19";"Pemindahan dr ekskul ke SPP SD CTL bln Feb 19";"120000.00";"0.00";"118.21.111";"piutang spp sd ciateul"
"358";"2019-02-28";"641.11.111";"Biaya penyusutan bangunan";"001/ph-02/19";"bi. penyusutan bangunan";"39436528.64";"0.00";"126.11.111";"ak. ph. banguna"
"359";"2019-02-28";"641.13.111";"Biaya penyusutan inventaris";"002/ph-02/19";"bi. penyusutan inventaris";"24244733.92";"0.00";"126.13.111";"ak. ph. invent"
"360";"2019-02-28";"641.12.111";"Biaya penyusutan kendaraan";"003/ph-02/19";"bi. penyusutan kendaraan";"9907510.00";"0.00";"126.12.111";"ak.ph.kendaraan"
