"No account";"Deskripsi";"Debit Awal";"Kredit Awal";"Debit";"Kredit";"Debit Akhir";"Kredit Akhir"
"111.11.111";"kas besar";"0,00";"0,00";"0,00";"0,00";"0,00";"0,00"
"111.21.111";"kas kecil tk ciateul";"16.000.000,00";"0,00";"15.697.700,00";"15.697.700,00";"16.000.000,00";"0,00"
"111.22.111";"kas kecil tk koper";"15.000.000,00";"0,00";"0,00";"0,00";"15.000.000,00";"0,00"
"111.23.111";"kas kecil tk tki";"15.000.000,00";"0,00";"0,00";"0,00";"15.000.000,00";"0,00"
"111.24.111";"kas kecil sd ciateul";"25.000.000,00";"0,00";"17.727.500,00";"17.727.500,00";"25.000.000,00";"0,00"
"111.25.111";"kas kecil sd koper";"20.000.000,00";"0,00";"26.417.800,00";"26.417.800,00";"20.000.000,00";"0,00"
"111.26.111";"kas kecil smp mekar wangi";"10.000.000,00";"0,00";"16.241.600,00";"16.241.600,00";"10.000.000,00";"0,00"
"111.27.111";"kas kecil smp koper";"20.000.000,00";"0,00";"19.266.400,00";"19.266.400,00";"20.000.000,00";"0,00"
"111.28.111";"kas kecil sma mekar wangi";"25.000.000,00";"0,00";"23.995.250,00";"23.995.250,00";"25.000.000,00";"0,00"
"111.29.111";"kas kecil bps";"0,00";"0,00";"0,00";"0,00";"0,00";"0,00"
"111.30.111";"kas bps-2";"50.000.000,00";"0,00";"30.369.950,00";"30.369.950,00";"50.000.000,00";"0,00"
"111.31.111";"kas smtr";"0,00";"0,00";"0,00";"0,00";"0,00";"0,00"
"111.32.111";"kas kecil komputer";"0,00";"0,00";"0,00";"0,00";"0,00";"0,00"
"111.33.111";"kas kecil sd tki ii";"15.000.000,00";"0,00";"13.334.500,00";"13.334.500,00";"15.000.000,00";"0,00"
"112.15.111";"deposito";"3.500.000.000,00";"0,00";"14.958.904,00";"14.958.904,00";"3.500.000.000,00";"0,00"
"112.15.112";"deposito/simp. emas";"10.625.000,00";"0,00";"0,00";"0,00";"10.625.000,00";"0,00"
"112.22.111";"bdi umum";"0,00";"0,00";"0,00";"0,00";"0,00";"0,00"
"112.23.111";"bdi tk pasundan";"0,00";"0,00";"0,00";"0,00";"0,00";"0,00"
"112.24.111";"bdi a/n. andrew";"0,00";"0,00";"0,00";"0,00";"0,00";"0,00"
"112.25.111";"nisp koper";"0,00";"0,00";"0,00";"0,00";"0,00";"0,00"
"112.26.111";"nisp tki ii";"0,00";"0,00";"0,00";"0,00";"0,00";"0,00"
"112.27.111";"bank niaga";"0,00";"0,00";"0,00";"0,00";"0,00";"0,00"
"112.28.111";"bdi a/n. ykki (no.91235572)";"339.623.162,25";"0,00";"1.997.955.304,61";"2.152.083.466,92";"185.494.999,94";"0,00"
"112.29.111";"cimb niaga ykki";"0,00";"0,00";"0,00";"0,00";"0,00";"0,00"
"112.30.111";"bank nisp koper (a/n cy-tmt)";"0,00";"0,00";"0,00";"0,00";"0,00";"0,00"
"112.31.111";"bnp a/n ykki (tk ciateul)";"0,00";"0,00";"0,00";"0,00";"0,00";"0,00"
"112.31.112";"bnp a/n ykki (sd ciateul)";"0,00";"0,00";"0,00";"0,00";"0,00";"0,00"
"112.31.113";"bnp a/n ykki (smp mekar wangi)";"0,00";"0,00";"0,00";"0,00";"0,00";"0,00"
"112.31.114";"bnp a/n ykki (sma mekar wangi)";"0,00";"0,00";"0,00";"0,00";"0,00";"0,00"
"112.32.111";"bdi virtual Ctl(3562377469)";"27.008.083,35";"0,00";"190.093.581,12";"182.298.996,22";"34.802.668,25";"0,00"
"112.32.112";"bdi virtual koper (3562373021)";"126.885.890,23";"0,00";"524.154.757,57";"551.920.682,51";"99.119.965,29";"0,00"
"112.32.113";"bdi tki (virtual account)";"14.735.141,57";"0,00";"124.433.136,54";"116.700.016,31";"22.468.261,80";"0,00"
"112.32.114";"bdi virtual mw 93562375307)";"112.177.297,73";"0,00";"364.913.648,30";"415.384.213,16";"61.706.732,87";"0,00"
"112.33.111";"bank btpn";"170.095.000,00";"0,00";"15.318.075,00";"71.834,00";"185.341.241,00";"0,00"
"112.34.111";"bank mandiri";"63.924.305,77";"0,00";"50.038.965,73";"50.228.007,15";"63.735.264,35";"0,00"
"112.35.111";"bca umum r/k.7750381132";"1.466.529.442,35";"0,00";"23.765.000,00";"708.710.000,00";"781.584.442,35";"0,00"
"112.36.111";"bca ctl no.2799595855 a.n.ykki";"40.115.000,00";"0,00";"3.842.500,00";"30.000,00";"43.927.500,00";"0,00"
"112.36.112";"bca koper no.805556221 (ykki)";"32.735.000,00";"0,00";"750.000,00";"30.000,00";"33.455.000,00";"0,00"
"112.36.113";"bca tki no.3793009115 (ykki)";"5.390.000,00";"0,00";"5.525.000,00";"30.000,00";"10.885.000,00";"0,00"
"112.36.114";"bca mw no.6765550088 (ykki)";"170.820.000,00";"0,00";"36.802.500,00";"30.000,00";"207.592.500,00";"0,00"
"112.37.111";"rek.bca ykki no.6765047017";"0,00";"0,00";"0,00";"0,00";"0,00";"0,00"
"117.11.111";"uang muka lain2";"333.295.000,00";"0,00";"161.056.050,00";"102.986.050,00";"391.365.000,00";"0,00"
"117.12.111";"um pembelian as";"0,00";"0,00";"0,00";"0,00";"0,00";"0,00"
"117.14.111";"piutg guru sma (krg byr)";"0,00";"0,00";"0,00";"0,00";"0,00";"0,00"
"117.15.111";"piutg kary & pegawai";"242.191.000,00";"0,00";"8.000.000,00";"36.541.000,00";"213.650.000,00";"0,00"
"117.15.112";"pinj. unit utk rekng";"0,00";"0,00";"0,00";"0,00";"0,00";"0,00"
"117.15.113";"pinj.penerima beasiswa";"4.500.000,00";"0,00";"0,00";"0,00";"4.500.000,00";"0,00"
"118.11.111";"piutang spp tk ciateul";"3.639.992,00";"0,00";"39.843.750,00";"41.220.000,00";"2.263.742,00";"0,00"
"118.11.112";"piutang spp tk koper";"11.180.500,00";"0,00";"60.607.500,00";"66.327.500,00";"5.460.500,00";"0,00"
"118.11.113";"piutang spp tk tki";"15.924.675,00";"0,00";"39.622.375,00";"38.324.000,00";"17.223.050,00";"0,00"
"118.21.111";"piutang spp sd ciateul";"54.181.111,00";"0,00";"106.464.500,00";"107.494.375,00";"53.151.236,00";"0,00"
"118.21.112";"piutang spp sd koper";"16.443.257,00";"0,00";"190.042.250,00";"187.872.250,00";"18.613.257,00";"0,00"
"118.21.113";"piutang spp sd tki";"13.249.000,00";"0,00";"67.018.000,00";"71.122.000,00";"9.145.000,00";"0,00"
"118.31.111";"piutang spp smp mekar wangi";"38.997.050,00";"0,00";"93.090.375,00";"83.887.612,50";"48.199.812,50";"0,00"
"118.31.112";"piutang spp smp koper";"249.693.150,00";"0,00";"173.972.875,00";"173.762.250,00";"249.903.775,00";"0,00"
"118.41.111";"piutang spp sma mekar wangi";"85.237.500,00";"0,00";"299.466.800,00";"262.580.750,00";"122.123.550,00";"0,00"
"118.51.111";"uang muka i-learning";"0,00";"0,00";"0,00";"0,00";"0,00";"0,00"
"118.51.112";"tungg du tk koper";"0,00";"0,00";"0,00";"0,00";"0,00";"0,00"
"118.52.111";"arisan skkk";"10.000.000,00";"0,00";"10.000.000,00";"0,00";"20.000.000,00";"0,00"
"118.53.111";"u.muka kontruksi koper";"2.355.973.451,00";"0,00";"0,00";"0,00";"2.355.973.451,00";"0,00"
"118.54.111";"u.m kontruksi dlm pembang. tki";"1.515.467.988,00";"0,00";"0,00";"0,00";"1.515.467.988,00";"0,00"
"118.55.111";"piu. ykki/gkkkb";"500.000.000,00";"0,00";"0,00";"0,00";"500.000.000,00";"0,00"
"118.61.111";"u.muka open house tk ciateul";"-3.250.000,00";"0,00";"0,00";"0,00";"-3.250.000,00";"0,00"
"118.61.112";"u.muka open house tk koper";"0,00";"0,00";"0,00";"0,00";"0,00";"0,00"
"118.61.113";"u.muka open house tk tki";"0,00";"0,00";"0,00";"0,00";"0,00";"0,00"
"118.61.114";"u.muka open house sd ciateul";"3.250.000,00";"0,00";"0,00";"0,00";"3.250.000,00";"0,00"
"118.61.115";"u.muka open house sd koper";"0,00";"0,00";"0,00";"0,00";"0,00";"0,00"
"118.61.116";"u.muka open house smp mekar wa";"-2.500.000,00";"0,00";"0,00";"0,00";"-2.500.000,00";"0,00"
"118.61.117";"u.muka open house smp koper";"0,00";"0,00";"0,00";"0,00";"0,00";"0,00"
"118.61.118";"u.muka open house sma mekar wa";"2.500.000,00";"0,00";"0,00";"0,00";"2.500.000,00";"0,00"
"118.61.119";"u.muka open house umum";"0,00";"0,00";"0,00";"0,00";"0,00";"0,00"
"118.71.111";"asuransi";"0,00";"0,00";"0,00";"0,00";"0,00";"0,00"
"118.81.111";"ganti nama sertifikat & ajb";"0,00";"0,00";"0,00";"0,00";"0,00";"0,00"
"118.91.111";"anonim";"0,00";"0,00";"0,00";"0,00";"0,00";"0,00"
"119.11.111";"piutang up tk ciateul";"9.770.000,00";"0,00";"4.000.000,00";"4.855.000,00";"8.915.000,00";"0,00"
"119.11.112";"piutang up tk koper";"3.650.000,00";"0,00";"0,00";"0,00";"3.650.000,00";"0,00"
"119.11.113";"piutang up tk tki";"26.025.000,00";"0,00";"0,00";"5.125.000,00";"20.900.000,00";"0,00"
"119.21.111";"piutang up sd ciateul";"3.010.000,00";"0,00";"15.750.000,00";"15.115.000,00";"3.645.000,00";"0,00"
"119.21.112";"piutang up sd koper";"2.625.000,00";"0,00";"0,00";"0,00";"2.625.000,00";"0,00"
"119.21.113";"piutang up sd tki";"5.050.000,00";"0,00";"0,00";"0,00";"5.050.000,00";"0,00"
"119.31.111";"piutang up smp mekar wangi";"10.160.000,00";"0,00";"0,00";"0,00";"10.160.000,00";"0,00"
"119.31.112";"piutang up smp koper";"64.069.850,00";"0,00";"0,00";"275.000,00";"63.794.850,00";"0,00"
"119.41.111";"piutang up sma mekar wangi";"41.940.000,00";"0,00";"0,00";"2.795.000,00";"39.145.000,00";"0,00"
"119.51.111";"piutang ups tk ciateul";"0,00";"0,00";"0,00";"0,00";"0,00";"0,00"
"119.51.112";"piutang ups tk koper";"0,00";"0,00";"0,00";"0,00";"0,00";"0,00"
"119.51.113";"piutang ups tk tki";"0,00";"0,00";"0,00";"0,00";"0,00";"0,00"
"119.51.114";"piutang ups sd ciateul";"2.180.000,00";"0,00";"0,00";"0,00";"2.180.000,00";"0,00"
"119.51.115";"piutang ups sd koper";"275.000,00";"0,00";"0,00";"275.000,00";"0,00";"0,00"
"119.51.116";"piutang ups smp mekar wangi";"2.915.000,00";"0,00";"0,00";"0,00";"2.915.000,00";"0,00"
"119.51.117";"piutang ups smp koper";"27.565.000,00";"0,00";"0,00";"2.040.000,00";"25.525.000,00";"0,00"
"119.51.118";"piutang ups sma mekar wangi";"4.435.000,00";"0,00";"0,00";"390.000,00";"4.045.000,00";"0,00"
"119.51.119";"piutang ups sd tki";"0,00";"0,00";"0,00";"0,00";"0,00";"0,00"
"119.61.111";"anonim dr tk ciateul";"0,00";"0,00";"0,00";"0,00";"0,00";"0,00"
"119.61.112";"anonim dr tk koper";"0,00";"0,00";"0,00";"0,00";"0,00";"0,00"
"119.61.113";"anonim dr tk tki";"0,00";"0,00";"0,00";"0,00";"0,00";"0,00"
"119.61.114";"anonim dr sd ciateul";"0,00";"0,00";"0,00";"0,00";"0,00";"0,00"
"119.61.115";"anonim dr sd koper";"0,00";"0,00";"0,00";"0,00";"0,00";"0,00"
"119.61.116";"anonim dr smp mw";"0,00";"0,00";"0,00";"0,00";"0,00";"0,00"
"119.61.117";"anonim dr smp koper";"0,00";"0,00";"0,00";"0,00";"0,00";"0,00"
"119.61.118";"anonim dr sma";"0,00";"0,00";"0,00";"0,00";"0,00";"0,00"
"121.11.111";"tanah kopo sari";"494.000.000,00";"0,00";"0,00";"0,00";"494.000.000,00";"0,00"
"121.12.111";"tanah ciateul";"1.705.500.000,00";"0,00";"0,00";"0,00";"1.705.500.000,00";"0,00"
"121.13.111";"tanah koper";"3.847.375.000,00";"0,00";"0,00";"0,00";"3.847.375.000,00";"0,00"
"121.14.111";"tanah tki ii";"4.074.400.000,00";"0,00";"0,00";"0,00";"4.074.400.000,00";"0,00"
"121.15.111";"tanah mekar wangi";"8.182.475.318,06";"0,00";"0,00";"0,00";"8.182.475.318,06";"0,00"
"122.12.111";"bangunan ciateul";"3.114.000.000,00";"0,00";"0,00";"0,00";"3.114.000.000,00";"0,00"
"122.13.111";"bangunan koper";"4.850.000.000,00";"0,00";"0,00";"0,00";"4.850.000.000,00";"0,00"
"122.14.111";"bangunan tki";"600.000.000,00";"0,00";"0,00";"0,00";"600.000.000,00";"0,00"
"122.15.111";"bangunan mekar wangi";"7.971.063.493,00";"0,00";"0,00";"0,00";"7.971.063.493,00";"0,00"
"122.15.112";"bangunan smp mekar wangi";"0,00";"0,00";"0,00";"0,00";"0,00";"0,00"
"123.11.111";"inventaris";"24.000.000,00";"0,00";"0,00";"0,00";"24.000.000,00";"0,00"
"123.12.111";"inventaris ctl";"131.388.735,00";"0,00";"0,00";"0,00";"131.388.735,00";"0,00"
"123.13.111";"inventaris koper";"331.088.500,00";"0,00";"3.546.000,00";"0,00";"334.634.500,00";"0,00"
"123.14.111";"inventaris m.wangi";"258.236.900,00";"0,00";"0,00";"0,00";"258.236.900,00";"0,00"
"123.15.111";"inventaris tki ii";"142.155.000,00";"0,00";"1.505.500,00";"0,00";"143.660.500,00";"0,00"
"124.11.111";"kendaraan";"1.039.085.100,00";"0,00";"0,00";"0,00";"1.039.085.100,00";"0,00"
"126.11.111";"ak. ph. banguna";"-12.093.704.029,14";"0,00";"0,00";"39.436.528,64";"-12.133.140.557,78";"0,00"
"126.12.111";"ak.ph.kendaraan";"-684.025.123,34";"0,00";"0,00";"13.519.751,67";"-697.544.875,01";"0,00"
"126.13.111";"ak. ph. invent";"-472.240.401,95";"0,00";"0,00";"28.493.332,86";"-500.733.734,81";"0,00"
"126.15.111";"penyusutan ganti nama";"0,00";"0,00";"0,00";"0,00";"0,00";"0,00"
"126.21.111";"uang jaminan pln";"7.550.400,00";"0,00";"0,00";"0,00";"7.550.400,00";"0,00"
"215.11.111";"anonim";"0,00";"0,00";"0,00";"0,00";"0,00";"0,00"
"216.11.111";"ttpn u.pensiun";"0,00";"0,00";"0,00";"0,00";"0,00";"0,00"
"217.11.111";"hutang pph21";"0,00";"0,00";"0,00";"0,00";"0,00";"0,00"
"218.11.111";"hutang operasional";"0,00";"0,00";"0,00";"0,00";"0,00";"0,00"
"219.16.111";"hutang gaji";"0,00";"0,00";"0,00";"0,00";"0,00";"0,00"
"219.21.111";"hutang lain2";"0,00";"640.075.955,00";"16.057.750,00";"8.014.900,00";"0,00";"632.033.105,00"
"311.11.111";"donasi";"0,00";"12.139.342.245,37";"0,00";"0,00";"0,00";"12.139.342.245,37"
"311.13.111";"modal barang";"0,00";"14.010.000,00";"0,00";"0,00";"0,00";"14.010.000,00"
"321.11.111";"laba ditahan";"0,00";"268.947.281,00";"0,00";"0,00";"0,00";"268.947.281,00"
"400.11.111";"uang titipan komputer tk ciateul";"0,00";"0,00";"0,00";"0,00";"0,00";"0,00"
"400.12.111";"uang titipan komputer tk koper";"0,00";"0,00";"0,00";"0,00";"0,00";"0,00"
"400.13.111";"uang titipan komputer tk tki";"0,00";"0,00";"0,00";"0,00";"0,00";"0,00"
"400.14.111";"uang titipan komputer sd ciateul";"0,00";"0,00";"0,00";"0,00";"0,00";"0,00"
"400.15.111";"uang titipan komputer sd koper";"0,00";"0,00";"0,00";"0,00";"0,00";"0,00"
"400.15.112";"uang titipan komputer sd tki";"0,00";"0,00";"0,00";"0,00";"0,00";"0,00"
"400.16.111";"uang titipan komputer smp mw";"0,00";"0,00";"0,00";"0,00";"0,00";"0,00"
"400.17.111";"uang titipan komputer smp kop";"0,00";"0,00";"0,00";"0,00";"0,00";"0,00"
"400.18.111";"uang titipan komputer sma";"0,00";"0,00";"0,00";"0,00";"0,00";"0,00"
"400.19.111";"uang titipan komputer gabungan";"0,00";"0,00";"0,00";"0,00";"0,00";"0,00"
"401.11.111";"SPP bayar dimuka tk ciateul";"0,00";"0,00";"0,00";"0,00";"0,00";"0,00"
"401.12.111";"SPP bayar dimuka tk koper";"0,00";"0,00";"0,00";"0,00";"0,00";"0,00"
"401.13.111";"SPP bayar dimuka tk tki";"0,00";"0,00";"0,00";"0,00";"0,00";"0,00"
"402.11.111";"SPP bayar dimuka sd ciateul";"0,00";"0,00";"0,00";"0,00";"0,00";"0,00"
"402.12.111";"SPP bayar dimuka sd koper";"0,00";"0,00";"0,00";"0,00";"0,00";"0,00"
"402.13.111";"SPP bayar dimuka sd tki";"0,00";"0,00";"0,00";"0,00";"0,00";"0,00"
"403.11.111";"SPP bayar dimuka smp mekar wangi";"0,00";"0,00";"0,00";"0,00";"0,00";"0,00"
"403.12.111";"SPP bayar dimuka smp koper";"0,00";"0,00";"0,00";"0,00";"0,00";"0,00"
"404.11.111";"SPP bayar dimuka sma mekar wangi";"0,00";"0,00";"0,00";"0,00";"0,00";"0,00"
"406.11.111";"UP bayar dimuka tk ciateul";"0,00";"64.737.500,00";"600.000,00";"3.675.000,00";"0,00";"67.812.500,00"
"406.12.111";"UP bayar dimuka tk koper";"0,00";"139.493.750,00";"0,00";"1.150.000,00";"0,00";"140.643.750,00"
"406.13.111";"UP bayar dimuka tk tki";"0,00";"54.831.300,00";"0,00";"5.525.000,00";"0,00";"60.356.300,00"
"407.11.111";"UP bayar dimuka sd ctl";"0,00";"100.085.000,00";"0,00";"4.767.500,00";"0,00";"104.852.500,00"
"407.12.111";"UP bayar dimuka sd koper";"0,00";"214.076.250,00";"0,00";"3.325.000,00";"0,00";"217.401.250,00"
"407.13.111";"UP bayar dimuka sd tki";"0,00";"155.900.000,00";"0,00";"10.700.000,00";"0,00";"166.600.000,00"
"408.11.111";"UP bayar dimuka smp mekar wangi";"0,00";"198.600.000,00";"0,00";"15.562.500,00";"0,00";"214.162.500,00"
"408.12.111";"UP bayar dimuka smp koper";"0,00";"370.415.000,00";"0,00";"0,00";"0,00";"370.415.000,00"
"409.11.111";"UP bayar dimuka sma mekar wangi";"0,00";"536.705.000,00";"0,00";"28.610.000,00";"0,00";"565.315.000,00"
"411.11.111";"SPP tk ciateul";"0,00";"3.029.413.750,00";"0,00";"39.843.750,00";"0,00";"3.069.257.500,00"
"411.12.111";"SPP tk koper";"0,00";"4.692.883.300,00";"0,00";"250.649.750,00";"0,00";"4.943.533.050,00"
"411.13.111";"SPP tk tki";"0,00";"2.546.457.375,00";"0,00";"39.622.375,00";"0,00";"2.586.079.750,00"
"412.11.111";"SPP sd ciateul";"0,00";"9.709.400.500,00";"118.750,00";"106.464.500,00";"0,00";"9.815.746.250,00"
"412.12.111";"SPP sd koper";"0,00";"18.249.675.750,00";"0,00";"0,00";"0,00";"18.249.675.750,00"
"412.13.111";"SPP sd tki";"0,00";"1.516.425.000,00";"0,00";"67.018.000,00";"0,00";"1.583.443.000,00"
"413.11.111";"SPP smp ciateul";"0,00";"7.950.221.175,00";"0,00";"93.090.375,00";"0,00";"8.043.311.550,00"
"413.12.111";"SPP smp koper";"0,00";"12.286.283.375,00";"0,00";"173.972.875,00";"0,00";"12.460.256.250,00"
"414.11.111";"SPP sma ciateul";"0,00";"15.959.102.250,00";"0,00";"299.466.800,00";"0,00";"16.258.569.050,00"
"415.11.111";"u.adm tk ciateul";"0,00";"89.637.628,00";"10.375.000,00";"10.719.000,00";"0,00";"89.981.628,00"
"415.12.111";"u.adm. tk koper";"0,00";"78.239.153,00";"0,00";"1.480.000,00";"0,00";"79.719.153,00"
"415.13.111";"u.adm. tk tki";"0,00";"54.466.500,00";"0,00";"0,00";"0,00";"54.466.500,00"
"415.14.111";"u.adm. sd ciateul";"0,00";"300.342.050,00";"15.822.100,00";"10.264.000,00";"0,00";"294.783.950,00"
"415.15.111";"u.adm. sd koper";"0,00";"499.738.750,00";"18.911.200,00";"36.201.250,00";"0,00";"517.028.800,00"
"415.16.111";"u.adm. smp mekar wangi";"0,00";"189.103.500,00";"11.388.200,00";"400.000,00";"0,00";"178.115.300,00"
"415.17.111";"u.adm smp koper";"0,00";"327.574.730,00";"13.389.450,00";"66.144.500,00";"0,00";"380.329.780,00"
"415.18.111";"u. adm sma mekar wangi";"0,00";"753.972.054,00";"53.591.550,00";"21.977.500,00";"0,00";"722.358.004,00"
"415.19.111";"u.adm. sd tki";"0,00";"155.514.300,00";"11.582.700,00";"11.536.000,00";"0,00";"155.467.600,00"
"416.11.111";"Denda spp tk ciateul";"0,00";"216.000,00";"0,00";"0,00";"0,00";"216.000,00"
"416.13.111";"Denda spp tk tki";"0,00";"175.000,00";"0,00";"0,00";"0,00";"175.000,00"
"417.11.111";"Denda spp sd ciateul";"0,00";"1.432.000,00";"0,00";"0,00";"0,00";"1.432.000,00"
"417.12.111";"Denda spp sd koper";"0,00";"38.000,00";"0,00";"0,00";"0,00";"38.000,00"
"418.11.111";"Denda smp mekar wangi";"0,00";"2.586.700,00";"0,00";"0,00";"0,00";"2.586.700,00"
"419.11.111";"Denda sma mekar wangi";"0,00";"2.030.500,00";"0,00";"0,00";"0,00";"2.030.500,00"
"441.11.111";"UP tk ciateul";"0,00";"894.149.000,00";"0,00";"4.000.000,00";"0,00";"898.149.000,00"
"441.12.111";"UP tk koper";"0,00";"1.478.285.050,00";"0,00";"0,00";"0,00";"1.478.285.050,00"
"441.13.111";"UP tk tki";"0,00";"806.430.000,00";"0,00";"0,00";"0,00";"806.430.000,00"
"442.11.111";"UP sd ciateul";"0,00";"1.556.324.500,00";"0,00";"0,00";"0,00";"1.556.324.500,00"
"442.12.111";"UP sd koper";"0,00";"3.940.632.750,00";"0,00";"15.750.000,00";"0,00";"3.956.382.750,00"
"442.13.111";"UP sd tki";"0,00";"469.963.000,00";"0,00";"0,00";"0,00";"469.963.000,00"
"443.11.111";"UP smp mekar wangi";"0,00";"2.566.624.100,00";"0,00";"0,00";"0,00";"2.566.624.100,00"
"443.12.111";"UP smp koper";"0,00";"3.771.318.560,00";"0,00";"0,00";"0,00";"3.771.318.560,00"
"444.11.111";"UP sma mekar wangi";"0,00";"5.982.351.125,00";"0,00";"0,00";"0,00";"5.982.351.125,00"
"452.11.111";"uang sd ciateul";"6.600.000,00";"0,00";"0,00";"0,00";"6.600.000,00";"0,00"
"471.11.111";"u.adm tk ctl";"0,00";"29.715.629,00";"0,00";"0,00";"0,00";"29.715.629,00"
"471.12.111";"u.adm tk koper";"0,00";"68.528.984,00";"0,00";"0,00";"0,00";"68.528.984,00"
"471.13.111";"u.adm tk tki";"0,00";"27.048.960,00";"0,00";"0,00";"0,00";"27.048.960,00"
"472.11.111";"u.adm sd ctl";"0,00";"703.697.524,00";"0,00";"0,00";"0,00";"703.697.524,00"
"472.12.111";"u.adm sd koper";"0,00";"1.151.715.410,00";"0,00";"0,00";"0,00";"1.151.715.410,00"
"472.13.111";"u.adm sd tki";"0,00";"21.791.500,00";"0,00";"0,00";"0,00";"21.791.500,00"
"473.11.111";"u.adm smp mw";"0,00";"420.623.340,00";"0,00";"0,00";"0,00";"420.623.340,00"
"473.12.111";"u.adm smp koper";"0,00";"292.313.052,00";"0,00";"0,00";"0,00";"292.313.052,00"
"474.11.111";" u.adm sma mekar wangi";"0,00";"895.870.524,00";"0,00";"0,00";"0,00";"895.870.524,00"
"475.11.111";"u.anonim";"0,00";"-600.723.866,00";"0,00";"0,00";"0,00";"-600.723.866,00"
"481.11.111";"uang ekskul tk ciateul";"0,00";"62.294.500,00";"0,00";"0,00";"0,00";"62.294.500,00"
"481.12.111";"uang ekskul tk koper";"0,00";"51.473.500,00";"0,00";"0,00";"0,00";"51.473.500,00"
"481.13.111";"uang ekskul tk tki";"0,00";"26.106.900,00";"0,00";"0,00";"0,00";"26.106.900,00"
"482.11.111";"uang ekskul sd ciateul";"0,00";"39.261.500,00";"0,00";"0,00";"0,00";"39.261.500,00"
"482.12.111";"uang ekskul sd koper";"0,00";"41.988.425,00";"0,00";"0,00";"0,00";"41.988.425,00"
"482.13.111";"uang ekskul sd tki";"0,00";"39.740.200,00";"0,00";"0,00";"0,00";"39.740.200,00"
"484.11.111";"uang lain"" sma mekar wangi";"0,00";"1.100.000,00";"0,00";"0,00";"0,00";"1.100.000,00"
"486.11.111";"Uang formulir tk ciateul";"0,00";"40.010.000,00";"0,00";"0,00";"0,00";"40.010.000,00"
"486.12.111";"Uang formulir tk koper";"0,00";"58.700.000,00";"0,00";"0,00";"0,00";"58.700.000,00"
"486.13.111";"Uang formulir tk tki";"0,00";"34.490.000,00";"0,00";"0,00";"0,00";"34.490.000,00"
"486.14.111";"Uang formulir sd ciateul";"0,00";"53.500.000,00";"0,00";"200.000,00";"0,00";"53.700.000,00"
"486.15.111";"Uang formulir sd koper";"0,00";"86.980.000,00";"0,00";"0,00";"0,00";"86.980.000,00"
"486.15.112";"Uang formulir sd tki";"-27.175.000,00";"0,00";"0,00";"0,00";"-27.175.000,00";"0,00"
"486.16.111";"Uang formulir smp mekar wangi";"0,00";"81.925.000,00";"0,00";"0,00";"0,00";"81.925.000,00"
"486.17.111";"Uang formulir smp koper";"0,00";"116.100.000,00";"0,00";"0,00";"0,00";"116.100.000,00"
"486.18.111";"Uang formulir sma mekar wangi";"0,00";"165.775.000,00";"0,00";"0,00";"0,00";"165.775.000,00"
"487.11.111";"u.adm (alt&kons) tk ciateul";"0,00";"0,00";"0,00";"0,00";"0,00";"0,00"
"487.11.112";"u.adm(kons) tk ctl";"0,00";"0,00";"0,00";"0,00";"0,00";"0,00"
"488.11.111";"u.adm (retreat) sd ctl";"0,00";"0,00";"0,00";"0,00";"0,00";"0,00"
"489.11.111";"u.adm (retreat) smp mw";"0,00";"0,00";"0,00";"0,00";"0,00";"0,00"
"521.11.111";"Sewa kantin pasundan";"0,00";"3.500.000,00";"0,00";"0,00";"0,00";"3.500.000,00"
"521.12.111";"Sewa kantin koper";"0,00";"290.560.000,00";"0,00";"0,00";"0,00";"290.560.000,00"
"521.13.111";"Sewa kantin mekar wangi";"0,00";"281.465.000,00";"0,00";"0,00";"0,00";"281.465.000,00"
"521.14.111";"Sewa kantin tki";"0,00";"3.975.000,00";"0,00";"0,00";"0,00";"3.975.000,00"
"521.15.111";"Sewa kantin ciateul";"0,00";"114.185.000,00";"0,00";"0,00";"0,00";"114.185.000,00"
"541.11.111";"Bunga bank";"0,00";"114.669.981,33";"567.455,27";"649.777,37";"0,00";"114.752.303,43"
"541.12.111";"Bunga deposito";"0,00";"1.990.546.409,20";"0,00";"14.958.904,00";"0,00";"2.005.505.313,20"
"551.11.111";"Hadiah/vouch./persembhn natal";"0,00";"222.625.875,00";"0,00";"300.000,00";"0,00";"222.925.875,00"
"612.12.111";"Gaji guru sd koper";"815.000,00";"0,00";"0,00";"0,00";"815.000,00";"0,00"
"613.12.111";"Gaji guru smp koper";"764.000,00";"0,00";"0,00";"0,00";"764.000,00";"0,00"
"618.11.111";"PBB";"105.758.551,00";"0,00";"0,00";"0,00";"105.758.551,00";"0,00"
"618.12.111";"Biaya pajak";"133.352.885,11";"0,00";"0,00";"0,00";"133.352.885,11";"0,00"
"618.13.111";"PBB tk tki";"743.730,00";"0,00";"0,00";"0,00";"743.730,00";"0,00"
"619.11.111";"Honor guru komputer";"164.521.531,00";"0,00";"0,00";"0,00";"164.521.531,00";"0,00"
"620.11.111";"Gaji pegawai gabungan";"61.452.837.059,20";"0,00";"1.724.507.726,00";"0,00";"63.177.344.785,20";"0,00"
"621.11.111";"Iuran sampah & dinas tk ciateul";"24.312.750,00";"0,00";"1.845.000,00";"0,00";"26.157.750,00";"0,00"
"621.11.112";"Air & gas & konsumsi tk ciateul";"23.322.100,00";"0,00";"2.279.500,00";"0,00";"25.601.600,00";"0,00"
"621.11.113";"Entertain tk ciateul";"760.500,00";"0,00";"0,00";"0,00";"760.500,00";"0,00"
"621.11.114";"Obat-2an tk ciateul";"3.236.924,00";"0,00";"0,00";"0,00";"3.236.924,00";"0,00"
"621.11.115";"Biaya komputer tk ciateul";"470.000,00";"0,00";"0,00";"0,00";"470.000,00";"0,00"
"621.11.116";"Sumbangan tk ciateul";"7.555.700,00";"0,00";"0,00";"0,00";"7.555.700,00";"0,00"
"621.11.117";"Alat tulis kantor tk ciateul";"73.662.933,00";"0,00";"273.300,00";"0,00";"73.936.233,00";"0,00"
"621.11.118";"Uang prestasi tk ciateul";"1.100.000,00";"0,00";"0,00";"0,00";"1.100.000,00";"0,00"
"621.11.119";"Biaya lomba tk ciateul";"12.706.500,00";"0,00";"0,00";"0,00";"12.706.500,00";"0,00"
"621.11.120";"Perlengk.sklh tk ciateul (kbm)";"35.557.596,00";"0,00";"0,00";"0,00";"35.557.596,00";"0,00"
"621.11.121";"Perlengk.bang tk ciateul";"13.811.282,00";"0,00";"0,00";"0,00";"13.811.282,00";"0,00"
"621.12.111";"Iuran sampah & dinas tk koper";"41.535.400,00";"0,00";"0,00";"0,00";"41.535.400,00";"0,00"
"621.12.112";"Air & gas & konsumsi tk koper";"25.230.764,00";"0,00";"0,00";"0,00";"25.230.764,00";"0,00"
"621.12.113";"Entertain tk koper";"5.174.086,00";"0,00";"0,00";"0,00";"5.174.086,00";"0,00"
"621.12.114";"Obat-2an tk koper";"3.668.965,00";"0,00";"0,00";"0,00";"3.668.965,00";"0,00"
"621.12.115";"Biaya komp.tk koper";"615.000,00";"0,00";"0,00";"0,00";"615.000,00";"0,00"
"621.12.116";"Sumbangan tk koper";"16.722.024,00";"0,00";"0,00";"0,00";"16.722.024,00";"0,00"
"621.12.117";"Alat tulis kantor tk koper";"56.089.593,00";"0,00";"0,00";"0,00";"56.089.593,00";"0,00"
"621.12.118";"uang prestasi tk koper";"500.000,00";"0,00";"0,00";"0,00";"500.000,00";"0,00"
"621.12.119";"Biaya lomba tk koper";"10.351.325,00";"0,00";"0,00";"0,00";"10.351.325,00";"0,00"
"621.12.120";"Perleng. sklh tk koper";"96.064.050,00";"0,00";"601.300,00";"0,00";"96.665.350,00";"0,00"
"621.12.121";"Perleng. bangunan tk koper";"39.891.176,00";"0,00";"0,00";"0,00";"39.891.176,00";"0,00"
"621.13.111";"Iuran sampah & dinas tk tki";"29.855.150,00";"0,00";"0,00";"0,00";"29.855.150,00";"0,00"
"621.13.112";"Air,gas & konsumsi tk tki";"16.885.050,00";"0,00";"0,00";"0,00";"16.885.050,00";"0,00"
"621.13.113";"Entertain tk tki";"970.200,00";"0,00";"0,00";"0,00";"970.200,00";"0,00"
"621.13.114";"Obat-2an tk tki";"1.563.700,00";"0,00";"0,00";"0,00";"1.563.700,00";"0,00"
"621.13.115";"Biaya komputer tk tki";"0,00";"0,00";"0,00";"0,00";"0,00";"0,00"
"621.13.116";"Sumbangan tk tki";"20.510.750,00";"0,00";"0,00";"0,00";"20.510.750,00";"0,00"
"621.13.117";"Alat tulis kantor tk tki";"47.432.500,00";"0,00";"0,00";"0,00";"47.432.500,00";"0,00"
"621.13.118";"Uang prestasi tk tki";"899.000,00";"0,00";"0,00";"0,00";"899.000,00";"0,00"
"621.13.119";"Biaya lomba tki";"5.806.600,00";"0,00";"0,00";"0,00";"5.806.600,00";"0,00"
"621.13.120";"perleng. sklh tk tki (kbm)";"31.811.579,00";"0,00";"370.841,00";"0,00";"32.182.420,00";"0,00"
"621.13.121";"perleng. bang tk tki";"46.090.120,00";"0,00";"0,00";"0,00";"46.090.120,00";"0,00"
"622.11.111";"Iuran,sampah & dinas sd ciateul";"86.169.150,00";"0,00";"215.000,00";"0,00";"86.384.150,00";"0,00"
"622.11.112";"Air,gas & konsumsi sd ciateul";"30.598.600,00";"0,00";"110.000,00";"0,00";"30.708.600,00";"0,00"
"622.11.113";"Entertain sd ciateul";"788.600,00";"0,00";"0,00";"0,00";"788.600,00";"0,00"
"622.11.114";"Obat-2an sd ciateul";"4.172.900,00";"0,00";"0,00";"0,00";"4.172.900,00";"0,00"
"622.11.115";"Biaya komputer sd ciateul";"3.621.900,00";"0,00";"0,00";"0,00";"3.621.900,00";"0,00"
"622.11.116";"Sumbangan sd ciateul";"28.418.350,00";"0,00";"0,00";"0,00";"28.418.350,00";"0,00"
"622.11.117";"Alat tulis kantor sd ciateul";"58.083.300,00";"0,00";"32.000,00";"0,00";"58.115.300,00";"0,00"
"622.11.118";"Uang prestasi sd ciateul";"19.872.000,00";"0,00";"0,00";"0,00";"19.872.000,00";"0,00"
"622.11.119";"Biaya lomba sd ciateul";"22.746.125,00";"0,00";"100.000,00";"0,00";"22.846.125,00";"0,00"
"622.11.120";"perlengk.sklh sd ciateul";"136.641.080,00";"0,00";"180.000,00";"0,00";"136.821.080,00";"0,00"
"622.11.121";"perlengk.bang sd ciateul";"43.382.450,00";"0,00";"1.263.400,00";"0,00";"44.645.850,00";"0,00"
"622.12.111";"Iuran sampah & dinas sd koper";"81.406.600,00";"0,00";"993.000,00";"0,00";"82.399.600,00";"0,00"
"622.12.112";"Air,gas & konsumsi sd koper";"55.569.200,00";"0,00";"330.300,00";"0,00";"55.899.500,00";"0,00"
"622.12.113";"Entertain sd koper";"1.936.300,00";"0,00";"0,00";"0,00";"1.936.300,00";"0,00"
"622.12.114";"Obat-2an sd koper";"2.772.850,00";"0,00";"0,00";"0,00";"2.772.850,00";"0,00"
"622.12.115";"Biaya komputer sd koper";"2.214.600,00";"0,00";"0,00";"0,00";"2.214.600,00";"0,00"
"622.12.116";"Sumbangan sd koper";"45.776.250,00";"0,00";"100.000,00";"0,00";"45.876.250,00";"0,00"
"622.12.117";"Alat tulis kantor sd koper";"157.601.700,00";"0,00";"280.600,00";"0,00";"157.882.300,00";"0,00"
"622.12.118";"Uang prestasi sd koper";"12.306.000,00";"0,00";"0,00";"0,00";"12.306.000,00";"0,00"
"622.12.119";"Biaya lomba sd koper";"11.656.400,00";"0,00";"0,00";"0,00";"11.656.400,00";"0,00"
"622.12.120";"perlengk.sklh sd koper (kbm)";"38.705.350,00";"0,00";"3.445.000,00";"0,00";"42.150.350,00";"0,00"
"622.12.121";"Perlang. bangunan sd koper";"27.490.150,00";"0,00";"1.212.200,00";"0,00";"28.702.350,00";"0,00"
"622.13.111";"Iuran sampah & dinas sd tki";"6.061.500,00";"0,00";"75.000,00";"0,00";"6.136.500,00";"0,00"
"622.13.112";"Air,gas,konsumsi sd tki";"12.801.600,00";"0,00";"20.500,00";"0,00";"12.822.100,00";"0,00"
"622.13.113";"Entertain sd tki";"480.700,00";"0,00";"0,00";"0,00";"480.700,00";"0,00"
"622.13.114";"Obat-2an sd tki";"839.900,00";"0,00";"0,00";"0,00";"839.900,00";"0,00"
"622.13.116";"Sumbangan sd tki";"6.288.500,00";"0,00";"0,00";"0,00";"6.288.500,00";"0,00"
"622.13.117";"Alat tulis kantor sd tki";"24.145.775,00";"0,00";"68.600,00";"0,00";"24.214.375,00";"0,00"
"622.13.118";"Uang prestasi sd tki";"1.050.000,00";"0,00";"0,00";"0,00";"1.050.000,00";"0,00"
"622.13.119";"Biaya lomba sd tki";"1.925.000,00";"0,00";"105.000,00";"0,00";"2.030.000,00";"0,00"
"622.13.120";"Perlengk.sklh (kbm) sd tki";"73.369.350,00";"0,00";"100.000,00";"0,00";"73.469.350,00";"0,00"
"622.13.121";"Perlengk.bang sd tki";"14.723.200,00";"0,00";"33.500,00";"0,00";"14.756.700,00";"0,00"
"623.11.111";"Iuran, sampah & dinas smp mekar wangi";"25.389.000,00";"0,00";"400.000,00";"0,00";"25.789.000,00";"0,00"
"623.11.112";"Air,gas & konsumsi smp mekar wangi";"38.420.700,00";"0,00";"0,00";"0,00";"38.420.700,00";"0,00"
"623.11.113";"Entertain smp mekar wangil";"10.870.900,00";"0,00";"0,00";"0,00";"10.870.900,00";"0,00"
"623.11.114";"Obat2an smp mekar wangi";"1.762.900,00";"0,00";"0,00";"0,00";"1.762.900,00";"0,00"
"623.11.115";"Biaya komputer smp mekar wangi";"1.053.000,00";"0,00";"0,00";"0,00";"1.053.000,00";"0,00"
"623.11.116";"Sumbangan smp mekar wangi";"23.898.400,00";"0,00";"0,00";"0,00";"23.898.400,00";"0,00"
"623.11.117";"Alat tulis kantor smp mekar wangi";"105.273.935,00";"0,00";"684.700,00";"0,00";"105.958.635,00";"0,00"
"623.11.118";"Uang prestasi smp mekar wangi";"6.352.000,00";"0,00";"0,00";"0,00";"6.352.000,00";"0,00"
"623.11.119";"Biaya lomba smp mekar wangi";"39.934.900,00";"0,00";"0,00";"0,00";"39.934.900,00";"0,00"
"623.11.120";"Perleng.sklh (kbm) smp mekar wangi";"16.510.300,00";"0,00";"0,00";"0,00";"16.510.300,00";"0,00"
"623.11.121";"Perlengk. bang. smp mekar wangi";"15.231.800,00";"0,00";"715.000,00";"0,00";"15.946.800,00";"0,00"
"623.12.111";"Iuran, sampah & dinas smp koper";"38.286.500,00";"0,00";"371.000,00";"0,00";"38.657.500,00";"0,00"
"623.12.112";"Air,gas & konsumsi smp koper";"41.278.000,00";"0,00";"400.000,00";"0,00";"41.678.000,00";"0,00"
"623.12.113";"Entertain smp koper";"9.110.000,00";"0,00";"100.000,00";"0,00";"9.210.000,00";"0,00"
"623.12.114";"Obat-2an smp koper";"2.271.260,00";"0,00";"0,00";"0,00";"2.271.260,00";"0,00"
"623.12.115";"Biaya komputer smp koper";"5.150.400,00";"0,00";"0,00";"0,00";"5.150.400,00";"0,00"
"623.12.116";"Sumbangan smp koper";"23.241.300,00";"0,00";"475.000,00";"0,00";"23.716.300,00";"0,00"
"623.12.117";"Alat tulis smp koper";"132.363.780,00";"0,00";"336.650,00";"0,00";"132.700.430,00";"0,00"
"623.12.118";"Uang prestasi smp koper";"1.450.000,00";"0,00";"0,00";"0,00";"1.450.000,00";"0,00"
"623.12.119";"Biaya lomba smp koper";"30.473.300,00";"0,00";"0,00";"0,00";"30.473.300,00";"0,00"
"623.12.120";"Perleng. sklh smp koper";"191.310.475,00";"0,00";"0,00";"0,00";"191.310.475,00";"0,00"
"623.12.121";"Perleng. bangunan smp koper";"46.300.605,00";"0,00";"0,00";"0,00";"46.300.605,00";"0,00"
"624.11.111";"Iuran,sampah & dinas sma";"57.670.891,00";"0,00";"983.000,00";"0,00";"58.653.891,00";"0,00"
"624.11.112";"Air,gas&,konsumsi sma";"55.861.654,00";"0,00";"875.000,00";"0,00";"56.736.654,00";"0,00"
"624.11.113";"Entertain sma";"1.634.000,00";"0,00";"0,00";"0,00";"1.634.000,00";"0,00"
"624.11.114";"Obat-2an sma";"4.237.950,00";"0,00";"0,00";"0,00";"4.237.950,00";"0,00"
"624.11.115";"Biaya komputer sma";"1.971.800,00";"0,00";"0,00";"0,00";"1.971.800,00";"0,00"
"624.11.116";"Sumbangan sma";"31.255.350,00";"0,00";"350.000,00";"0,00";"31.605.350,00";"0,00"
"624.11.117";"Alat tulis sma";"153.111.603,00";"0,00";"1.199.800,00";"0,00";"154.311.403,00";"0,00"
"624.11.118";"Uang prestasi sma";"9.720.000,00";"0,00";"0,00";"0,00";"9.720.000,00";"0,00"
"624.11.119";"Biaya lomba sma";"42.520.328,00";"0,00";"1.950.000,00";"0,00";"44.470.328,00";"0,00"
"624.11.120";"Perlengkapan sklh (kbm) sma";"35.610.450,00";"0,00";"90.000,00";"0,00";"35.700.450,00";"0,00"
"624.11.121";"Perlengk.bangunan sma";"35.248.200,00";"0,00";"0,00";"0,00";"35.248.200,00";"0,00"
"625.11.111";"Iuran,sampah & dinas umum";"17.737.600,00";"0,00";"0,00";"0,00";"17.737.600,00";"0,00"
"625.11.112";"Air,gas,konsums umum";"31.335.730,00";"0,00";"1.768.500,00";"0,00";"33.104.230,00";"0,00"
"625.11.113";"Entertain umum";"10.732.700,00";"0,00";"0,00";"0,00";"10.732.700,00";"0,00"
"625.11.114";"obat-2an umum";"487.600,00";"0,00";"0,00";"0,00";"487.600,00";"0,00"
"625.11.115";"Biaya komputer umum";"2.230.000,00";"0,00";"0,00";"0,00";"2.230.000,00";"0,00"
"625.11.116";"Sumbangan umum";"1.965.610.280,00";"0,00";"39.510.100,00";"5.380.000,00";"1.999.740.380,00";"0,00"
"625.11.117";"Alat tulis kantor umum";"152.955.675,00";"0,00";"6.970.450,00";"0,00";"159.926.125,00";"0,00"
"625.11.118";"Biaya prestasi umum";"45.450.000,00";"0,00";"0,00";"0,00";"45.450.000,00";"0,00"
"625.11.119";"Biaya lomba umum";"2.289.000,00";"0,00";"0,00";"0,00";"2.289.000,00";"0,00"
"625.11.120";"Perlengkapan sklh umum (yys)";"61.922.050,00";"0,00";"2.669.000,00";"0,00";"64.591.050,00";"0,00"
"625.11.121";"Perlengkapan bangunan umum";"120.874.600,00";"0,00";"682.000,00";"0,00";"121.556.600,00";"0,00"
"625.11.122";"Biaya Personalia";"3.508.100,00";"0,00";"0,00";"0,00";"3.508.100,00";"0,00"
"626.11.111";"Biaya adm tk ciateul";"0,00";"0,00";"0,00";"0,00";"0,00";"0,00"
"626.12.111";"Biaya adm tk koper";"0,00";"0,00";"0,00";"0,00";"0,00";"0,00"
"626.13.111";"Biaya adm. tk tki";"0,00";"0,00";"0,00";"0,00";"0,00";"0,00"
"626.14.111";"Biaya adm. sd ciateul";"0,00";"0,00";"0,00";"0,00";"0,00";"0,00"
"626.15.111";"Biaya adm sd koper";"0,00";"0,00";"0,00";"0,00";"0,00";"0,00"
"626.16.111";"Biaya adm smp mw";"0,00";"0,00";"0,00";"0,00";"0,00";"0,00"
"626.17.111";"Biaya adm smp koper";"0,00";"0,00";"0,00";"0,00";"0,00";"0,00"
"626.18.111";"Biaya adm sma";"0,00";"0,00";"0,00";"0,00";"0,00";"0,00"
"626.19.111";"Biaya adm sd tki";"0,00";"0,00";"0,00";"0,00";"0,00";"0,00"
"631.11.111";"Pemel. inventaris tk ciateul";"22.350.356,00";"0,00";"156.500,00";"0,00";"22.506.856,00";"0,00"
"631.12.111";"Pemel. inventaris tk koper";"16.298.248,00";"0,00";"0,00";"0,00";"16.298.248,00";"0,00"
"631.13.111";"Pemel. inventaris tki";"11.670.666,00";"0,00";"0,00";"0,00";"11.670.666,00";"0,00"
"631.14.111";"Pemel. inventaris sd ciateul";"12.370.716,00";"0,00";"0,00";"0,00";"12.370.716,00";"0,00"
"631.15.111";"Pemel. inventaris sd koper";"29.054.508,00";"0,00";"325.000,00";"0,00";"29.379.508,00";"0,00"
"631.15.112";"Pemel. inventris sd tki";"4.635.300,00";"0,00";"0,00";"0,00";"4.635.300,00";"0,00"
"631.16.111";"Pemel. inventaris smp ctl";"39.932.506,00";"0,00";"477.500,00";"0,00";"40.410.006,00";"0,00"
"631.17.111";"Pemel. inventaris smp koper";"53.392.696,00";"0,00";"1.390.400,00";"0,00";"54.783.096,00";"0,00"
"631.18.111";"Pemel. inventaris sma";"59.033.418,00";"0,00";"70.000,00";"0,00";"59.103.418,00";"0,00"
"631.19.111";"Pemel. inventaris umum";"69.822.716,00";"0,00";"11.163.750,00";"0,00";"80.986.466,00";"0,00"
"641.11.111";"Biaya penyusutan bangunan";"3.859.529.271,33";"0,00";"39.436.528,64";"0,00";"3.898.965.799,97";"0,00"
"641.12.111";"Biaya penyusutan kendaraan";"692.561.475,10";"0,00";"13.519.751,67";"0,00";"706.081.226,77";"0,00"
"641.13.111";"Biaya penyusutan inventaris";"2.984.574.831,04";"0,00";"28.493.332,86";"0,00";"3.013.068.163,90";"0,00"
"651.11.111";"Iuran YKKI";"1.733.462.554,61";"0,00";"0,00";"0,00";"1.733.462.554,61";"0,00"
"661.11.111";"Open house tk ciateul";"13.239.000,00";"0,00";"0,00";"0,00";"13.239.000,00";"0,00"
"661.12.111";"Open house tk koper";"17.291.200,00";"0,00";"0,00";"0,00";"17.291.200,00";"0,00"
"661.13.111";"Open house tk tki";"19.040.500,00";"0,00";"0,00";"0,00";"19.040.500,00";"0,00"
"661.14.111";"Open house sd ciateul";"43.587.500,00";"0,00";"0,00";"0,00";"43.587.500,00";"0,00"
"661.15.111";"Open house sd koper";"16.789.500,00";"0,00";"0,00";"0,00";"16.789.500,00";"0,00"
"661.16.111";"Open house smp ciateul";"22.500.000,00";"0,00";"0,00";"0,00";"22.500.000,00";"0,00"
"661.17.111";"Open house smp koper";"37.737.815,00";"0,00";"0,00";"0,00";"37.737.815,00";"0,00"
"661.18.111";"Open house sma";"54.664.600,00";"0,00";"0,00";"0,00";"54.664.600,00";"0,00"
"661.19.111";"Open house gabungan";"2.040.000,00";"0,00";"0,00";"0,00";"2.040.000,00";"0,00"
"662.11.111";"Biaya promosi tk ciateul";"6.667.600,00";"0,00";"0,00";"0,00";"6.667.600,00";"0,00"
"662.12.111";"Biaya promosi tk koper";"8.217.600,00";"0,00";"0,00";"0,00";"8.217.600,00";"0,00"
"662.13.111";"Biaya promosi tk tki";"8.673.900,00";"0,00";"0,00";"0,00";"8.673.900,00";"0,00"
"662.14.111";"Biaya promosi sd ciateul";"4.704.700,00";"0,00";"0,00";"0,00";"4.704.700,00";"0,00"
"662.15.111";"Biaya promosi sd koper";"1.275.000,00";"0,00";"0,00";"0,00";"1.275.000,00";"0,00"
"662.15.112";"Biaya promosi sd tki";"5.227.000,00";"0,00";"0,00";"0,00";"5.227.000,00";"0,00"
"662.16.111";"Biaya promosi smp m.wangi";"1.399.300,00";"0,00";"0,00";"0,00";"1.399.300,00";"0,00"
"662.17.111";"Biaya promosi smp koper";"29.814.250,00";"0,00";"0,00";"0,00";"29.814.250,00";"0,00"
"662.18.111";"Biaya promosi sma mekar wangi";"8.818.200,00";"0,00";"0,00";"0,00";"8.818.200,00";"0,00"
"662.19.111";"Biaya promosi umum";"118.905.790,00";"0,00";"686.100,00";"0,00";"119.591.890,00";"0,00"
"671.11.111";"Akreditasi tk ciateul";"457.000,00";"0,00";"0,00";"0,00";"457.000,00";"0,00"
"671.14.111";"Akreditasi sd ciateul";"27.516.300,00";"0,00";"0,00";"0,00";"27.516.300,00";"0,00"
"671.15.111";"Akreditasi sd koper";"9.374.200,00";"0,00";"0,00";"0,00";"9.374.200,00";"0,00"
"671.16.111";"Akreditasi smp m.wangi";"31.754.700,00";"0,00";"0,00";"0,00";"31.754.700,00";"0,00"
"671.17.111";"Akreditasi smp koper";"21.002.583,00";"0,00";"0,00";"0,00";"21.002.583,00";"0,00"
"671.18.111";"Akreditasi sma";"44.331.782,00";"0,00";"0,00";"0,00";"44.331.782,00";"0,00"
"681.11.111";"Kebaktian/rapat/seminar tk ciateul";"9.123.150,00";"0,00";"0,00";"0,00";"9.123.150,00";"0,00"
"681.12.111";"Kebaktian/rapat/seminar tk koper";"2.591.500,00";"0,00";"0,00";"0,00";"2.591.500,00";"0,00"
"681.13.111";"Kebaktian/rapat/seminar tk tki";"8.359.795,00";"0,00";"0,00";"0,00";"8.359.795,00";"0,00"
"681.14.111";"Kebaktian/rapat/seminar sd ciateul";"7.704.200,00";"0,00";"0,00";"0,00";"7.704.200,00";"0,00"
"681.15.111";"Kebaktian/rapat/seminar sd koper";"10.911.000,00";"0,00";"0,00";"0,00";"10.911.000,00";"0,00"
"681.15.112";"Kebaktian/rapat/seminar sd tki";"4.337.400,00";"0,00";"0,00";"0,00";"4.337.400,00";"0,00"
"681.16.111";"Kebaktian/rapat/seminar smp mekar wangi";"21.309.750,00";"0,00";"661.600,00";"0,00";"21.971.350,00";"0,00"
"681.17.111";"Kebaktian/rapat/seminar smp koper";"46.274.850,00";"0,00";"0,00";"0,00";"46.274.850,00";"0,00"
"681.18.111";"Kebaktian/rapat/seminar sma";"13.003.700,00";"0,00";"45.600,00";"0,00";"13.049.300,00";"0,00"
"681.19.111";"Kebaktian/rapat/seminar umum";"741.139.493,00";"0,00";"0,00";"0,00";"741.139.493,00";"0,00"
"691.14.111";"beasiswa sd ctl";"323.712.000,00";"0,00";"4.270.000,00";"0,00";"327.982.000,00";"0,00"
"691.15.111";"beasiswa sd koper";"584.924.750,00";"0,00";"5.871.250,00";"0,00";"590.796.000,00";"0,00"
"691.15.112";"beasiswa sd tki";"0,00";"-38.550.000,00";"1.680.000,00";"0,00";"0,00";"-40.230.000,00"
"691.16.111";"beasiswa smp ctl";"249.424.500,00";"0,00";"2.557.500,00";"0,00";"251.982.000,00";"0,00"
"691.17.111";"beasiswa smp koper";"385.445.500,00";"0,00";"4.422.500,00";"0,00";"389.868.000,00";"0,00"
"691.18.111";"beasiswa sma";"550.344.500,00";"0,00";"4.601.500,00";"0,00";"554.946.000,00";"0,00"
"691.19.111";"beasiswa guru/umum";"81.993.000,00";"0,00";"0,00";"0,00";"81.993.000,00";"0,00"
"692.13.111";"penurunan us tk tki";"45.000,00";"0,00";"0,00";"0,00";"45.000,00";"0,00"
"692.14.111";"penurunan us sd ciateul";"500.000,00";"0,00";"0,00";"0,00";"500.000,00";"0,00"
"692.18.111";"penurunan us sma";"475.000,00";"0,00";"0,00";"0,00";"475.000,00";"0,00"
"712.11.111";"Biaya pemel. kendaraan tk ciateul";"1.441.000,00";"0,00";"0,00";"0,00";"1.441.000,00";"0,00"
"712.12.111";"Biaya pemel. kendaraan tk koper";"1.609.000,00";"0,00";"30.000,00";"0,00";"1.639.000,00";"0,00"
"712.13.111";"Biaya pemel. kendaraan tk tki";"1.647.163,00";"0,00";"0,00";"0,00";"1.647.163,00";"0,00"
"712.14.111";"Biaya pemel. kendaraan sd ciateul";"2.410.300,00";"0,00";"0,00";"0,00";"2.410.300,00";"0,00"
"712.15.111";"Biaya pemel. kendaraan sd koper";"16.639.450,00";"0,00";"66.000,00";"0,00";"16.705.450,00";"0,00"
"712.15.112";"pemel. kend sd tki";"14.000,00";"0,00";"8.500,00";"0,00";"22.500,00";"0,00"
"712.16.111";"Biaya pemel. kendaraan smp mekar wangi";"994.000,00";"0,00";"0,00";"0,00";"994.000,00";"0,00"
"712.17.111";"Biaya pemel. kendaraan smp koper";"1.705.200,00";"0,00";"0,00";"0,00";"1.705.200,00";"0,00"
"712.18.111";"Biaya pemel. kendaraan sma";"6.094.630,00";"0,00";"0,00";"0,00";"6.094.630,00";"0,00"
"712.19.111";"Biaya pemel. kendaraan umum";"158.916.919,00";"0,00";"3.861.800,00";"0,00";"162.778.719,00";"0,00"
"713.11.111";"Biaya pemel. bangunan tk ciateul";"186.200.065,00";"0,00";"245.400,00";"0,00";"186.445.465,00";"0,00"
"713.12.111";"Biaya pemel. bangunan tk koper";"99.780.935,00";"0,00";"0,00";"0,00";"99.780.935,00";"0,00"
"713.13.111";"Biaya pemel. bangunan tk tki";"98.569.534,00";"0,00";"0,00";"0,00";"98.569.534,00";"0,00"
"713.14.111";"Biaya pemel. bangunan sd ciateul";"412.305.987,00";"0,00";"450.000,00";"0,00";"412.755.987,00";"0,00"
"713.15.111";"Biaya pemel. bangunan sd koper";"264.494.444,00";"0,00";"4.419.800,00";"0,00";"268.914.244,00";"0,00"
"713.15.112";"Biaya pemel. bangunan sd tki";"35.774.500,00";"0,00";"555.300,00";"0,00";"36.329.800,00";"0,00"
"713.16.111";"Biaya pemel. bangunan  smp mekar wangi";"143.433.089,00";"0,00";"979.200,00";"0,00";"144.412.289,00";"0,00"
"713.17.111";"Biaya pemel. bangunan smp koper";"488.344.363,00";"0,00";"2.078.900,00";"0,00";"490.423.263,00";"0,00"
"713.18.111";"Biaya pemel. bangunan sma";"319.051.714,00";"0,00";"500.300,00";"0,00";"319.552.014,00";"0,00"
"713.19.111";"Biaya pemel. bangunan umum";"1.236.198.740,74";"0,00";"16.672.000,00";"0,00";"1.252.870.740,74";"0,00"
"714.11.111";"bi. keamanan tk ciateul";"0,00";"0,00";"0,00";"0,00";"0,00";"0,00"
"714.12.111";"bi. keamanan tk koper";"0,00";"0,00";"0,00";"0,00";"0,00";"0,00"
"714.13.111";"bi. keamanan tk tki";"0,00";"0,00";"0,00";"0,00";"0,00";"0,00"
"714.14.111";"bi. keamanan sd ctl";"0,00";"0,00";"0,00";"0,00";"0,00";"0,00"
"714.15.111";"bi. keamanan sd koper";"0,00";"0,00";"0,00";"0,00";"0,00";"0,00"
"714.15.112";"bi. keamanan sd tki";"0,00";"0,00";"0,00";"0,00";"0,00";"0,00"
"714.16.111";"bi. keamanan smp mw";"0,00";"0,00";"0,00";"0,00";"0,00";"0,00"
"714.17.111";"bi. keamanan smp koper";"0,00";"0,00";"0,00";"0,00";"0,00";"0,00"
"714.18.111";"bi. keamanan sma";"0,00";"0,00";"0,00";"0,00";"0,00";"0,00"
"714.19.111";"bi. keamanan umum";"0,00";"0,00";"0,00";"0,00";"0,00";"0,00"
"741.11.111";"Biaya penyusutan asuransi";"80.969.100,04";"0,00";"0,00";"0,00";"80.969.100,04";"0,00"
"751.11.111";"Biaya adm bank";"16.386,46";"0,00";"0,00";"0,00";"16.386,46";"0,00"
"761.11.111";"Biaya e-learning";"161.724.100,00";"0,00";"0,00";"0,00";"161.724.100,00";"0,00"
"771.11.111";"bi.care group TK CTL";"0,00";"0,00";"0,00";"0,00";"0,00";"0,00"
"771.12.111";"bi.care group TK Koper";"0,00";"0,00";"0,00";"0,00";"0,00";"0,00"
"771.13.111";"bi.care group TK TKI";"0,00";"0,00";"0,00";"0,00";"0,00";"0,00"
"771.14.111";"bi.care group SD CTL";"0,00";"0,00";"0,00";"0,00";"0,00";"0,00"
"771.15.111";"bi.care group SD Koper";"0,00";"0,00";"0,00";"0,00";"0,00";"0,00"
"771.15.112";"bi.care group SD TKI";"0,00";"0,00";"0,00";"0,00";"0,00";"0,00"
"771.16.111";"bi.care group SMP Mekarwangi";"3.900.000,00";"0,00";"0,00";"0,00";"3.900.000,00";"0,00"
"771.17.111";"bi.care group SMP Koper";"6.360.000,00";"0,00";"0,00";"0,00";"6.360.000,00";"0,00"
"771.18.111";"bi.care group SMA";"16.740.000,00";"0,00";"0,00";"0,00";"16.740.000,00";"0,00"
"771.19.111";"bi.care group umum";"9.000.000,00";"0,00";"0,00";"0,00";"9.000.000,00";"0,00"
"811.11.111";"Selisih +/-";"417.754,85";"0,00";"0,00";"0,00";"417.754,85";"0,00"
"821.11.111";"Biaya tunjangan pengobatan";"0,00";"0,00";"0,00";"0,00";"0,00";"0,00"
"821.16.111";"tunjangan engobatan smp ctl";"0,00";"0,00";"0,00";"0,00";"0,00";"0,00"
"821.19.111";"tunjangan pengobatan";"83.952.227,00";"0,00";"0,00";"0,00";"83.952.227,00";"0,00"
"822.11.111";"Kesejahteraan tk ciateul";"55.883.200,00";"0,00";"570.000,00";"0,00";"56.453.200,00";"0,00"
"822.12.111";"Kesejahteraan tk koper";"20.080.000,00";"0,00";"660.000,00";"0,00";"20.740.000,00";"0,00"
"822.13.111";"Kesejahteraan tk tki";"14.910.000,00";"0,00";"510.000,00";"0,00";"15.420.000,00";"0,00"
"822.14.111";"Kesejahteraan sd ciateul";"36.760.000,00";"0,00";"1.350.000,00";"0,00";"38.110.000,00";"0,00"
"822.15.111";"Kesejahteraan sd koper";"47.290.000,00";"0,00";"1.590.000,00";"0,00";"48.880.000,00";"0,00"
"822.15.112";"Kesejahteraan sd tki";"16.530.000,00";"0,00";"810.000,00";"0,00";"17.340.000,00";"0,00"
"822.16.111";"Kesejahteraan smp mekar wangi";"64.165.000,00";"0,00";"1.070.000,00";"0,00";"65.235.000,00";"0,00"
"822.17.111";"Kesejahteraan smp koper";"73.860.000,00";"0,00";"1.290.000,00";"0,00";"75.150.000,00";"0,00"
"822.18.111";"Kesejahteraan sma";"116.480.000,00";"0,00";"2.220.000,00";"0,00";"118.700.000,00";"0,00"
"822.19.111";"Kesejahteraan staff";"232.830.400,00";"0,00";"31.200.000,00";"0,00";"264.030.400,00";"0,00"
"831.11.111";"Biaya telepon tk ciateul";"23.889.203,00";"0,00";"671.586,00";"0,00";"24.560.789,00";"0,00"
"831.12.111";"Biaya telepon tk koper";"36.281.980,00";"0,00";"368.751,00";"0,00";"36.650.731,00";"0,00"
"831.13.111";"Biaya telepon tki";"27.541.411,00";"0,00";"577.771,00";"0,00";"28.119.182,00";"0,00"
"831.14.111";"Biaya telepon sd ciateul";"28.272.544,00";"0,00";"121.524,00";"0,00";"28.394.068,00";"0,00"
"831.15.111";"Biaya telepon sd koper";"46.286.890,00";"0,00";"821.389,00";"0,00";"47.108.279,00";"0,00"
"831.15.112";"Biaya telepon sd tki";"13.350.135,00";"0,00";"256.900,00";"0,00";"13.607.035,00";"0,00"
"831.16.111";"Biaya telepon smp mekar wangi";"29.586.857,00";"0,00";"1.123.903,00";"0,00";"30.710.760,00";"0,00"
"831.17.111";"Biaya telepon smp koper";"50.517.285,00";"0,00";"509.904,00";"0,00";"51.027.189,00";"0,00"
"831.18.111";"Biaya telepon sma";"55.636.912,00";"0,00";"379.191,00";"0,00";"56.016.103,00";"0,00"
"831.19.111";"Biaya telepon umum";"49.694.936,00";"0,00";"466.918,00";"0,00";"50.161.854,00";"0,00"
"851.11.111";"Perjln dinas tk ciateul";"4.976.123,00";"0,00";"0,00";"0,00";"4.976.123,00";"0,00"
"851.12.111";"Perjln dinas tk koper";"2.216.465,00";"0,00";"0,00";"0,00";"2.216.465,00";"0,00"
"851.13.111";"Perjln dinas tk tki";"8.593.200,00";"0,00";"0,00";"0,00";"8.593.200,00";"0,00"
"851.14.111";"Perjln dinas sd ciateul";"16.547.068,00";"0,00";"125.500,00";"0,00";"16.672.568,00";"0,00"
"851.15.111";"Perjln dinas sd koper";"7.602.550,00";"0,00";"150.400,00";"0,00";"7.752.950,00";"0,00"
"851.15.112";"Perjln dinas sd tki";"1.861.100,00";"0,00";"121.000,00";"0,00";"1.982.100,00";"0,00"
"851.16.111";"Perjln dinas smp mekar wangi";"16.249.289,00";"0,00";"50.000,00";"0,00";"16.299.289,00";"0,00"
"851.17.111";"Perjln dinas smp koper";"12.318.800,00";"0,00";"725.000,00";"0,00";"13.043.800,00";"0,00"
"851.18.111";"Perjln dinas sma";"8.146.698,00";"0,00";"478.500,00";"0,00";"8.625.198,00";"0,00"
"851.19.111";"Perjln dinas umum";"219.403.943,00";"0,00";"11.722.300,00";"0,00";"231.126.243,00";"0,00"
"861.11.111";"Pemutihan tk ciateul";"21.243.750,00";"0,00";"0,00";"0,00";"21.243.750,00";"0,00"
"861.12.111";"Pemutihan tk koper";"12.490.000,00";"0,00";"0,00";"0,00";"12.490.000,00";"0,00"
"861.13.111";"Pemutihan tk tki";"1.640.000,00";"0,00";"0,00";"0,00";"1.640.000,00";"0,00"
"861.14.111";"Pemutihan sd ciateul";"32.895.000,00";"0,00";"0,00";"0,00";"32.895.000,00";"0,00"
"861.15.111";"Pemutihan sd koper";"9.575.000,00";"0,00";"0,00";"0,00";"9.575.000,00";"0,00"
"861.15.112";"pemutihan sd tk";"165.000,00";"0,00";"0,00";"0,00";"165.000,00";"0,00"
"861.16.111";"Pemutihan smp mekar wangi";"72.887.500,00";"0,00";"0,00";"0,00";"72.887.500,00";"0,00"
"861.17.111";"Pemutihan smp koper";"47.241.250,00";"0,00";"0,00";"0,00";"47.241.250,00";"0,00"
"861.18.111";"Pemutihan sma";"80.907.000,00";"0,00";"0,00";"0,00";"80.907.000,00";"0,00"
"861.19.111";"Pemutihan umum";"1.479.752,00";"0,00";"0,00";"0,00";"1.479.752,00";"0,00"
"871.11.111";"Biaya listrik tk ciateul";"828.450,00";"0,00";"0,00";"0,00";"828.450,00";"0,00"
"871.12.111";"Biaya listrik tk koper";"91.115.094,00";"0,00";"2.374.747,00";"0,00";"93.489.841,00";"0,00"
"871.13.111";"Biaya listrik tk tki";"86.158.986,00";"0,00";"0,00";"0,00";"86.158.986,00";"0,00"
"871.14.111";"Biaya listrik sd ciateul";"209.172.955,00";"0,00";"2.025.895,00";"0,00";"211.198.850,00";"0,00"
"871.15.111";"Biaya listrik sd koper";"292.311.180,00";"0,00";"3.305.487,00";"200.000,00";"295.416.667,00";"0,00"
"871.15.112";"Biaya listrik sd tki";"41.543.312,00";"0,00";"4.187.384,00";"0,00";"45.730.696,00";"0,00"
"871.16.111";"Biaya listrik smp ciateul";"205.528.900,00";"0,00";"1.505.000,00";"0,00";"207.033.900,00";"0,00"
"871.17.111";"Biaya listrik smp koper";"346.753.115,00";"0,00";"2.440.500,00";"0,00";"349.193.615,00";"0,00"
"871.18.111";"Biaya listrik sma";"443.878.664,00";"0,00";"6.543.744,00";"0,00";"450.422.408,00";"0,00"
"871.19.111";"biaya listrik umum";"95.727.387,00";"0,00";"0,00";"0,00";"95.727.387,00";"0,00"
"881.11.111";"asuransi";"50.421.890,00";"0,00";"0,00";"0,00";"50.421.890,00";"0,00"
"891.11.111";"Biaya ganti nama";"473.883.931,81";"0,00";"0,00";"0,00";"473.883.931,81";"0,00"
"892.11.111";"pengurusan ijin";"58.600.000,00";"0,00";"18.500.000,00";"0,00";"77.100.000,00";"0,00"
